Date,Personal Finance Current,Personal Finance Expected,Business Condition 12 Months,Business Condition 5 Years,Buying Conditions,Current Index,Expected Index,CPI,GSCPI,WTI,총대출금,무담보콜금리(1일),국고채(1년),국고채(10년),"회사채(3년, AA-)","회사채(3년, BBB-)",주택담보대출-예금취급기관,원/미국달러(매매기준율) 평균,원/미국달러(매매기준율) 말일,"M1(평잔, 원계열)","M1(말잔, 원계열)","M1(평잔, 계절조정계열)","M1(말잔, 계절조정계열)",금리 스프레드,무담보콜금리 차분,국고채1년 차분,국고채10년 차분,주택담보대출금리 차분,a_htpi,a_atpi,a_rpi,KOSPI,경제활동인구,경제활동참가율,실업률,경제활동참가율d,실업률d,전산업생산지수,경기종합지수(동행지수순환변동치),제조업평균가동률,산업별생산지수,산업별출하지수,산업별재고지수,소매판매액지수,소비자동향조사,경제심리지수,소비자물가지수,기대인플레이션율,관리물가지수,생산자물가지수,공급물가지수,수입물가지수,수입물량지수,수입금액지수,순상품교역조건지수,소득교역조건지수
2005/01,123,133,114,97,165,110.9,85.7,191.6,-0.1,48.20000076,"568,933.90",3.26,3.48,4.42,4.11,8.54,,"1,038.23","1,026.40","321,944.60","318,003.60","316,874.30","322,800.50",0.94,,,,,59.3,54.6,,932.7,23671,62.4,3.8,-1,0.5,64.6,99.2,82.3,61.412,67.51,51.205,49.6,78,95.4,73.594,3.2,86.97322458,83.26,80.44,83.28,56.95,50.33,151.56,56.9
2005/02,121,127,114,98,162,109.2,84.4,192.4,-0.13,51.75,"570,979.80",3.26,3.48,4.88,4.63,9.05,,"1,022.43","1,008.10","329,012.50","330,997.80","323,160.30","334,427.30",1.4,0,0,0.46,0.08,59.5,54.9,,"1,011.36",23660,62.3,3.6,-0.1,0,60,98.9,78.7,52.852,59.564,49.953,48.5,78,108.8,73.892,3.3,86.88970168,83.42,80.52,83.23,51.5,47.77,149.97,49.03
2005/03,117,130,104,98,163,108,82.8,193.1,-0.27,55.40000153,"571,698.40",3.25,3.82,4.77,4.48,8.74,,"1,007.49","1,024.30","334,697.10","327,684.20","330,967.20","334,382.80",0.95,-0.01,0.34,-0.11,-0.05,59.7,55.2,,965.68,23733,62.5,3.7,1.1,-0.2,68.8,99.1,80.8,64.286,71.518,49.754,52.3,78,111.4,74.338,3,87.54705028,83.5,80.92,84.54,62.37,58.91,147.7,59.79
2005/04,113,121,96,91,158,104.4,77,193.7,-1.3,49.72000122,"577,621.10",3.26,3.71,4.69,4.28,8.36,,"1,010.94","1,002.50","334,317.90","334,049.00","332,699.60","334,291.30",0.98,0.01,-0.11,-0.08,-0.16,60,55.6,,911.3,23681,62.3,3.7,0.6,-0.3,67.2,98.8,78.8,62.036,68.962,50.304,51.4,79,111,74.413,2.9,87.16731732,83.73,81.41,85.6,56.6,55.07,143.41,53.92
2005/05,109,121,95,85,163,104.9,75.3,193.6,-0.96,56.5,"583,455.70",3.29,3.6,4.42,4.12,8.11,,"1,002.21","1,002.50","331,442.50","329,906.10","334,153.30","333,197.30",0.82,0.03,-0.11,-0.27,-0.17,60.3,56.1,,970.21,23696,62.3,3.7,0.5,-0.2,68.1,98.7,76.6,62.287,68.41,51.205,52.3,79,104.2,74.338,3.3,87.35885028,83.19,80.44,83.69,55.6,54.65,140.31,53.89
2005/06,122,129,109,103,172,113.2,85,193.7,-0.92,60.56999969,"586,738.70",3.27,3.66,4.46,4.18,8.15,,"1,010.87","1,024.40","337,217.30","340,407.30","338,511.10","345,037.80",0.8,-0.02,0.06,0.04,-0.02,60.8,56.7,,"1,008.16",23704,62.2,3.8,0,0,68.8,98.6,77.6,61.662,68.824,49.303,51,79,102.3,74.114,3.5,87.36601899,82.81,80.27,84.92,56.06,54.46,139.09,56.48
2005/07,122,133,112,99,172,113.5,85.5,194.9,-0.86,68.94000244,"593,173.30",3.25,3.77,4.89,4.52,8.49,,"1,037.44","1,028.30","346,659.40","347,375.20","347,219.30","341,141.90",1.12,-0.02,0.11,0.43,0.05,61.2,57.3,,"1,111.29",23672,62.1,3.8,-0.2,0.1,67.6,98.5,77.5,61.412,67.373,50.454,50.7,76,99.3,74.413,3.3,87.64937989,83.32,81.25,87.18,56.31,54.95,137.84,55.63
2005/08,117,121,102,85,164,108.2,76.9,196.1,-0.48,66.23999786,"597,123.00",3.25,3.88,5.08,4.75,8.74,,"1,021.17","1,031.00","346,984.80","340,764.30","352,559.20","340,903.50",1.2,0,0.11,0.19,0.08,61.5,57.6,,"1,083.33",23632,61.9,3.7,-1,-0.1,66.3,98.5,78,59.226,66.129,49.053,49.5,76,103.8,74.636,3.2,87.71369609,83.55,81.65,88.01,57.73,56.4,137.4,54.88
2005/09,103,115,62,76,151,98.1,63.3,198.8,0.08,59.75999832,"600,881.60",3.25,4.19,5.15,4.92,8.86,,"1,029.33","1,038.00","347,135.30","342,819.20","349,958.60","341,871.50",0.96,0,0.31,0.07,0.1,61.6,57.7,,"1,221.01",23754,62.2,4,0.6,0,69,98.4,78.6,60.85,67.304,49.354,53.4,76,107.1,75.008,2.9,87.66920112,83.92,82.3,89.31,58.81,58.79,134.82,56.62
2005/10,96,112,68,72,139,91.2,63.2,199.1,-0.1,57.31999969,"606,538.90",3.44,4.44,5.36,5.2,9.01,,"1,046.25","1,042.70","339,969.40","332,920.20","344,615.20","331,317.70",0.92,0.19,0.25,0.21,0.25,61.6,57.8,,"1,158.11",23804,62.2,3.9,0.3,0,69.9,98.5,80.4,66.035,72.555,49.354,54.3,82,105.5,74.859,3.1,87.67814413,84.14,82.39,88.81,58.1,58.55,133.78,57.69
2005/11,103,115,83,80,157,100.2,69.6,198.1,-0.64,61.04000092,"612,255.50",3.49,4.57,5.68,5.5,9.26,,"1,041.43","1,036.30","307,025.10","308,413.80","310,005.70","305,606.90",1.11,0.05,0.13,0.32,-0.02,61.6,57.8,,"1,297.44",23804,62.2,3.6,-0.3,-0.3,72.4,99,83.1,69.096,75.596,49.854,55.8,82,109.8,74.561,3.1,87.96795642,83.9,81.49,86.83,61.52,60.82,134.86,61.25
2005/12,119,129,104,88,164,109.1,80.2,198.1,-0.7,61.40999985,"613,922.80",3.7,4.67,5.6,5.49,9.21,,"1,024.15","1,013.00","318,419.20","332,344.90","314,101.20","325,588.60",0.93,0.21,0.1,-0.08,0.01,61.7,57.9,,"1,379.37",23810,62.1,3.5,-1.1,0.2,78,99.4,80.4,68.471,75.458,50.855,60.9,82,112.8,74.785,3.1,88.0258067,83.66,81.01,85.95,64.08,62.18,134.82,60.44
2006/01,118,120,105,91,168,110.3,78.9,199.3,-0.37,66.62999725,"617,446.10",3.74,4.62,5.58,5.5,9.19,,987.03,971,"327,542.10","326,592.10","320,960.60","332,506.00",0.96,0.04,-0.05,-0.02,0.04,61.9,58.2,60,"1,399.83",23905,62.3,3.4,-0.6,0.3,68.1,99.7,82.6,64.848,70.344,53.558,56.1,85,115.8,75.231,3,88.91190615,83.95,81.01,85.14,60.77,59.24,133.84,55.38
2006/02,112,122,96,80,162,105.6,74.5,199.4,-0.74,71.87999725,"623,634.30",3.92,4.57,5.28,5.33,8.79,,970.22,969,"326,548.30","323,672.20","323,387.00","326,096.30",0.71,0.18,-0.05,-0.3,-0.06,62.1,58.5,60.5,"1,371.59",23932,62.3,3.5,0,0.3,65.1,99.7,81.8,62.724,68.893,53.358,49.6,85,117.1,75.381,3,89.01802123,83.99,80.84,84.18,60.36,60.37,131.81,53.66
2006/03,118,123,94,88,165,109.1,76,199.7,-0.41,71.29000092,"628,647.70",3.97,4.57,5.42,5.3,8.48,,975.09,975.9,"325,711.90","322,435.30","322,801.80","327,706.70",0.85,0.05,0,0.14,-0.12,62.5,59,61.2,"1,359.60",23974,62.3,3.5,1,-0.2,72.4,99.8,81.1,69.845,76.771,54.359,55.1,85,117.4,75.827,3,89.73327039,83.88,80.76,84.52,66.31,66.84,130.4,61.26
2006/04,119,125,86,83,165,109.2,73.4,200.7,0.09,73.98000336,"638,214.30",3.97,4.61,5.45,5.24,8.31,,954.44,945.7,"324,222.60","326,731.40","323,429.10","326,656.00",0.84,0,0.04,0.03,-0.04,63.1,59.6,61.7,"1,419.73",23951,62.2,3.5,0.8,-0.4,71.1,99.8,79.6,66.847,73.661,53.808,54.6,82,116.1,75.902,2.8,89.77595978,84.03,81.16,85.77,62.67,63.15,129.95,57.4
2006/05,102,112,81,80,147,96.1,68.2,201.3,0.1,74.40000153,"645,478.60",3.96,4.59,5.2,5.05,8.03,,941.4,947.4,"323,908.40","328,653.70","325,918.00","333,194.70",0.61,-0.01,-0.02,-0.25,-0.01,63.6,60.3,62,"1,317.70",23968,62.2,3.4,0.4,-0.3,72.3,100,79.5,68.409,75.181,55.109,56.3,82,110.2,76.05,2.8,89.88217989,84.32,81.9,87.35,65.13,67.81,127,59.75
2006/06,113,120,88,79,159,105,72,201.8,0.15,70.26000214,"652,960.90",4.17,4.7,5.25,5.17,8.07,,955.16,960.3,"326,949.20","338,989.20","327,561.80","342,682.20",0.55,0.21,0.11,0.05,0.07,64,60.6,62.5,"1,295.15",23996,62.1,3.5,0,0.2,71.8,99.8,78.6,67.409,74.283,55.059,54.9,82,104.8,75.902,2.8,89.91810726,84.17,81.97,88.15,62.32,67.02,124.15,58.46
2006/07,110,122,87,80,158,103.5,72.5,202.9,-0.1,62.90999985,"657,414.50",4.21,4.82,5.16,5.18,8.05,,950.15,953.1,"330,267.70","330,809.40","330,039.80","325,918.50",0.34,0.04,0.12,-0.09,0.31,64.1,60.8,62.6,"1,297.82",23993,62.1,3.5,-0.1,0,68.2,99.1,72.8,62.35,68.064,56.31,51.1,77,103.6,76.199,3,90.44581453,84.43,82.46,89.38,61.22,65.68,124.54,55.08
2006/08,109,112,75,84,160,103.8,68,203.8,0.05,63.13000107,"662,591.00",4.42,4.76,4.94,5.1,7.94,,960.72,959.6,"325,958.20","324,743.60","330,771.00","329,103.00",0.18,0.21,-0.06,-0.22,0.07,64.3,60.9,63.5,"1,352.74",24031,62.1,3.5,-0.8,0,70.4,99,78.9,65.16,72.417,54.859,52.5,77,105.8,76.645,3,90.49092067,84.98,83.35,91.01,63.28,69.08,123.1,57.8
2006/09,99,122,99,92,151,96.6,78.2,202.8,-0.63,61.04999924,"672,121.20",4.47,4.68,4.89,5.02,7.82,,953.68,945.2,"327,648.40","341,186.60","331,382.50","336,079.40",0.21,0.05,-0.08,-0.05,-0.09,64.7,61.2,64.6,"1,371.41",24049,62.1,3.5,0.3,-0.2,75.4,99.3,82.1,71.845,79.188,54.809,56.8,77,107.4,76.868,3,91.04872849,85.26,82.79,87.85,64.49,70.96,123.06,63.73
2006/10,118,131,113,97,160,107.3,84.8,201.9,-0.5,58.13999939,"680,074.30",4.48,4.64,4.79,4.93,7.72,,954.23,944.2,"333,597.50","335,799.80","337,029.20","333,322.60",0.15,0.01,-0.04,-0.1,-0.08,65.6,62.2,67.3,"1,364.55",24122,62.2,3.6,0.3,0.1,72.8,100.4,82.6,69.221,75.526,54.859,56.5,79,109.7,76.496,3,91.04502235,84.47,81.73,86.76,61.54,66.04,126.1,59.19
2006/11,119,125,112,97,156,106,83.2,202,-0.23,61.79000092,"692,188.30",4.47,4.7,4.91,5.05,7.84,,936.22,929.9,"337,666.00","344,526.70","341,034.00","344,323.50",0.21,-0.01,0.06,0.12,0,67.5,64.5,69.9,"1,432.21",24174,62.2,3.5,-0.1,-0.1,76.2,100.8,82.7,74.032,80.847,55.16,57.6,79,110,76.125,2.9,90.72645587,84.06,80.92,85.39,64.9,68.64,126.49,65.83
2006/12,119,124,105,97,161,108.1,81.2,203.1,-0.45,65.87000275,"699,430.30",4.49,4.85,4.95,5.18,7.97,,925.75,929.6,"351,588.50","371,087.60","347,293.90","361,484.40",0.1,0.02,0.15,0.04,0.19,68.8,66,70.9,"1,434.46",24201,62.3,3.4,-1.1,0.1,80.8,101,79.2,69.971,77.393,55.559,61.6,79,107.8,76.348,3.1,90.8487419,83.99,80.92,85.45,66.6,70.56,125.73,61.77
2007/01,123,127,118,107,166,111.3,87.6,203.437,-0.87,64.01000214,"700,256.60",4.63,4.98,5.04,5.32,8.11,,936.36,940.9,"353,494.20","348,010.20","349,795.20","352,704.80",0.06,0.14,0.13,0.09,0.23,69.7,66.9,72,"1,360.23",24287,62.4,3.3,-0.6,0.3,71.6,100.9,80.3,70.471,76.217,59.364,55.7,82,106.8,76.496,3,90.96697095,83.99,80.44,83.96,66.5,71.25,124.16,59.09
2007/02,119,122,106,98,158,106.7,81.5,204.226,-0.71,70.68000031,"708,048.20",4.6,4.96,5.01,5.28,8.08,,937.02,938.3,"350,734.70","348,717.80","345,862.10","350,682.40",0.05,-0.03,-0.02,-0.03,0.07,70.1,67.2,71.9,"1,417.34",24246,62.2,3.1,-0.2,0.1,69.2,101,80.1,62.599,70.274,57.862,54.8,82,113.3,77.017,2.9,90.77644804,84.04,80.84,85.51,63.02,65.82,125.48,57.58
2007/03,111,126,95,94,157,103.5,78.7,205.288,-0.58,74.04000092,"717,066.50",4.6,4.89,4.94,5.2,7.99,,943.26,940.3,"335,446.80","310,482.80","332,773.70","313,675.60",0.05,0,-0.07,-0.07,0.02,70.4,67.4,72.2,"1,452.55",24286,62.3,3.2,1,-0.2,75.8,101.1,79.5,72.282,80.709,57.062,58.2,82,113.8,77.464,3,91.52899441,84.4,81.9,88.29,71.49,75.71,123.2,65.31
2007/04,119,127,87,90,152,104.6,75.9,205.904,-0.81,81.66000366,"728,294.80",4.69,4.97,5.07,5.34,8.11,,931.5,929.4,"305,602.50","302,620.90","305,348.50","303,654.30",0.1,0.09,0.08,0.13,-0.07,70.6,67.5,72.1,"1,542.24",24300,62.2,3.3,0.9,-0.1,74.5,101.3,80.2,71.095,79.188,55.96,56.8,87,115.2,77.761,2.9,91.9440648,84.99,82.63,89.33,69.94,75.9,120.65,62.57
2007/05,113,125,97,89,160,105.1,77.6,206.755,-0.41,94.52999878,"735,674.40",4.61,5.11,5.22,5.49,8.25,,927.91,929.9,"301,184.50","297,872.60","302,367.60","305,856.10",0.11,-0.08,0.14,0.15,0.04,70.8,67.6,71.6,"1,700.91",24318,62.2,3.3,0.4,-0.2,75.8,101.3,80.2,72.345,80.156,57.162,59.3,87,114.4,77.836,2.9,92.21290838,85.47,83.11,89.78,68.63,76.34,119.48,61.69
2007/06,110,117,94,88,154,101.9,74.7,207.234,-0.37,88.70999908,"747,823.00",4.54,5.15,5.48,5.64,8.42,,928.32,926.8,"302,511.70","307,489.20","302,042.50","309,469.10",0.33,-0.07,0.04,0.26,-0.04,71,67.7,72.1,"1,743.60",24336,62.2,3.3,0.1,0,76.7,101.3,79.1,71.908,79.396,57.311,57,87,113.2,77.836,2.8,92.23938883,85.64,83.11,89.52,64.66,72.65,118.84,61.95
2007/07,115,125,105,96,156,104.5,81.5,207.603,-0.43,95.98000336,"755,114.00",4.67,5.29,5.52,5.75,8.51,,918.85,923.2,"302,375.60","297,752.30","302,235.00","293,629.40",0.23,0.13,0.14,0.04,0.11,71.2,67.8,72.7,"1,933.27",24350,62.1,3.3,-0.2,0.1,75.5,101.4,78,70.845,77.807,57.862,55.8,89,114.9,78.134,2.9,92.5448648,85.75,83.11,89.5,66.95,75.05,119.36,63.54
2007/08,103,120,87,88,152,98.4,73.7,207.667,-0.1,91.75,"764,660.60",4.92,5.3,5.42,5.7,8.42,,933.8,939.9,"298,066.10","293,370.30","302,372.60","296,532.40",0.12,0.25,0.01,-0.1,0.14,71.5,68,73.2,"1,873.24",24333,62,3.3,-0.9,-0.2,75.6,101.4,80,71.033,77.737,57.862,55.3,89,117.2,78.208,2.8,92.55971173,85.7,83.35,90.35,66.84,75.6,119.46,63.58
2007/09,109,119,82,96,144,97.9,74.1,208.547,-0.04,101.8399963,"777,069.80",4.98,5.39,5.52,5.85,8.54,,932.41,920.7,"299,048.00","304,024.20","302,047.50","296,231.50",0.13,0.06,0.09,0.1,0.14,71.8,68.2,73.7,"1,946.48",24356,62,3.2,0.3,-0.1,75.9,101.3,78.8,69.721,76.425,56.411,60.7,89,116.7,78.655,2.8,92.95606369,86.11,84.24,92.44,62,69.78,119.59,60.55
2007/10,111,119,78,84,142,97.6,70.1,209.19,-0.61,101.5800018,"790,358.70",5,5.34,5.56,5.98,8.6,,915.86,907.4,"297,999.30","304,054.00","302,418.30","301,902.20",0.22,0.02,-0.05,0.04,0.03,72.2,68.5,74,"2,064.85",24425,62.1,3.3,0.3,0,80.1,101.6,83.1,80.341,87.273,57.562,61.4,83,115.2,78.803,2.9,92.94548827,86.29,84.57,93.3,73.03,83.99,117.44,69.62
2007/11,101,115,73,76,136,91.5,66.2,210.834,-0.48,113.4599991,"807,189.40",5,5.36,5.61,6.16,8.72,,916.98,929.6,"299,714.70","306,940.70","302,694.10","305,574.40",0.25,0,0.02,0.05,0.04,72.6,68.8,74,"1,906.00",24495,62.2,3.3,-0.1,0,80.4,101.7,82.8,79.717,87.135,57.512,61.9,83,114.4,78.803,3,93.14126927,86.64,85.96,97.08,73.46,86.78,115.33,68.48
2007/12,98,112,68,81,137,91,65.6,211.445,-0.15,127.3499985,"803,724.10",4.99,5.6,5.82,6.73,9.16,"291,082.90",930.24,938.2,"307,809.30","316,382.70","304,030.00","308,233.90",0.22,-0.01,0.24,0.21,0.26,72.8,69,74.1,"1,897.13",24500,62.1,3.2,-1.2,0.1,86.3,102.2,81.1,76.53,84.026,58.663,64.5,83,111.8,79.101,3,93.22961453,86.99,86.77,98.73,70.57,86.56,112.71,60.27
2008/01,98,116,68,88,146,94.4,68.1,212.174,-0.37,124.0800018,"815,649.10",4.99,5.47,5.56,6.64,8.78,"291,623.30",942.39,943.9,"305,868.00","299,221.30","302,626.80","299,210.70",0.09,0,-0.13,-0.26,0.23,73.2,69.3,74.9,"1,624.68",24521,62.1,3,-0.8,0.2,77.7,102.5,83.2,78.904,84.233,61.967,61.3,81,111.8,79.472,3.2,92.97055531,87.48,87.91,101.74,75.6,93.24,111.25,59.89
2008/02,94,112,54,83,123,83.8,62.4,212.687,0.45,115.4599991,"822,528.90",4.97,5,5.28,6.27,8.54,"290,639.00",944.69,937.3,"304,580.70","301,597.80","300,785.50","300,867.10",0.28,-0.02,-0.47,-0.28,-0.36,73.5,69.5,75.5,"1,711.62",24497,61.9,2.9,-0.1,0.2,73.2,102.5,81,69.408,75.941,62.167,59,81,114.2,79.771,3.3,93.11342458,88.29,89.44,104.5,67.39,84.45,110.11,55.28
2008/03,93,112,46,81,124,84.2,60.1,213.448,0.15,100.6399994,"833,537.30",4.97,5.05,5.36,6.13,8.54,"291,617.70",979.86,991.7,"299,792.80","294,147.10","298,229.70","295,571.50",0.31,0,0.05,0.08,-0.02,74.3,70.1,76.7,"1,703.99",24516,61.9,3,1,-0.1,80.5,102.4,82,80.091,88.103,61.817,63.6,81,106.9,80.515,3.5,94.00236648,89.44,92.77,113.03,74.65,95.78,108.71,64.04
2008/04,86,100,40,71,112,77,53.3,213.942,0.13,67.80999756,"849,091.30",4.99,5.06,5.17,5.91,8.46,"294,082.50",986.66,999.7,"298,474.40","300,930.30","298,338.20","303,635.10",0.11,0.02,0.01,-0.19,0.1,75.2,71.1,77.8,"1,825.47",24543,61.9,3.1,0.9,-0.2,79.4,102.1,82.8,79.029,86.236,62.318,63.2,67,108.6,80.962,3.4,94.2087419,91.34,95.53,117.32,73.41,98.08,106.96,63.28
2008/05,80,98,36,68,109,73.3,51.1,215.208,-0.12,54.43000031,"858,336.10",4.97,5.07,5.5,6.22,8.89,"296,070.90","1,036.73","1,031.40","304,239.80","305,517.00","304,092.80","305,176.00",0.43,-0.02,0.01,0.33,-0.01,75.9,71.8,78.7,"1,852.02",24560,61.9,3.2,0.4,-0.1,79.9,101.8,79.8,79.029,85.408,64.369,65.4,67,103.8,81.63,3.8,94.28567598,93.18,100.48,129.85,71.76,98.94,105.48,61.66
2008/06,69,96,38,59,104,67.6,49.2,217.463,0.27,44.59999847,"870,377.10",4.95,5.22,5.89,6.68,9.42,"297,787.50","1,029.27","1,043.40","305,514.30","312,889.10","304,968.40","307,760.30",0.67,-0.02,0.15,0.39,-0.02,76.8,72.5,79.4,"1,674.92",24563,61.8,3.1,0,0,78.9,101.3,79.4,77.155,83.266,66.572,60.9,67,98.9,82.151,4.1,94.34115084,94.67,102.76,133.35,67.38,97.68,102.37,58.08
2008/07,73,105,42,65,115,73.1,53.5,219.016,1,41.68000031,"883,185.60",4.98,5.41,6.03,6.99,9.84,"300,567.50","1,019.12","1,008.50","306,584.40","306,116.20","306,554.90","311,300.20",0.62,0.03,0.19,0.14,0.15,77.4,73,79.4,"1,594.67",24572,61.7,3.1,-0.2,0,78.8,101,78.1,77.093,84.026,66.222,63.1,70,93.5,82.747,4.4,94.48906592,96.52,104.62,134.79,73.52,110.4,100.57,61.11
2008/08,72,105,52,72,110,71,57.9,218.69,0.28,51.11999893,"891,376.30",5.21,5.44,5.91,7.11,10,"302,169.00","1,041.54","1,081.80","304,538.70","307,518.70","308,605.40","311,886.70",0.47,0.23,0.03,-0.12,0.24,77.7,73.3,79.3,"1,474.24",24569,61.6,3.3,-0.8,0,76.3,100.8,77.7,72.595,79.257,66.021,61.4,79,102,82.598,4.2,94.57108715,96.24,102.84,128.86,67.97,104.31,99.02,52.64
2008/09,86,120,65,83,107,75,67.2,218.877,-0.53,66.30999756,"900,567.80",5.21,5.48,5.99,7.46,10.44,"303,947.10","1,130.40","1,187.70","307,067.80","315,216.10","309,725.70","318,818.20",0.51,0,0.04,0.08,0.09,78.1,73.6,78.7,"1,448.06",24525,61.5,3.2,0.1,-0.1,78.8,100.7,76.9,74.344,81.262,66.021,63.7,75,98.2,82.673,4.5,94.55276648,95.85,103.25,131.84,69.94,101.18,101.29,57.27
2008/10,60,106,49,71,89,58.4,57,216.995,-0.98,69.88999939,"913,084.40",4.88,5.2,5.53,7.95,11.08,"305,064.70","1,326.92","1,291.40","310,565.50","315,925.80","315,031.00","321,418.30",0.33,-0.33,-0.28,-0.46,0.33,78.1,73.5,76.7,"1,113.06",24572,61.5,3.3,0.3,0,79.2,100.4,79.1,79.092,85.822,67.323,62.6,71,82.5,82.598,4.6,94.65853743,95.59,104.47,137.25,67.08,91.42,103.14,59.25
2008/11,59,107,42,65,88,57.5,53.9,213.153,-1.5,69.44999695,"920,259.60",4,5.03,5.73,8.56,11.98,"306,854.20","1,390.09","1,482.70","316,330.90","322,937.90","318,724.80","321,346.10",0.7,-0.88,-0.17,0.2,-0.16,77.7,73.1,74,"1,076.07",24628,61.6,3.4,-0.1,0,75.5,99.7,70.1,68.908,75.872,66.572,61.6,72,71.3,82.375,4.5,94.93382346,93.37,100.08,128.16,60.33,73.32,106.2,50.31
2008/12,62,109,39,66,116,69.5,54,211.398,-0.67,69.95999908,"917,110.10",3.27,3.99,4.87,8.35,12.3,"308,879.20","1,373.84","1,257.50","323,725.90","330,623.70","319,599.90","321,234.40",0.88,-0.73,-1.04,-0.86,-0.61,77.1,72.4,71.2,"1,124.47",24569,61.4,3.4,-1.4,0.3,80,98.5,62.7,62.474,71.242,62.718,63.7,70,61.2,82.375,4.3,94.83695642,91.8,96.75,120.86,62.66,67.84,110.51,50.05
2009/01,70,114,47,69,101,66.5,57.8,211.933,-0.37,70.61000061,"921,674.40",2.43,2.72,4.42,7.34,11.95,"309,604.60","1,346.10","1,368.50","331,358.00","330,650.90","326,324.50","326,213.90",1.7,-0.84,-1.27,-0.45,-1.18,76.7,71.9,71.4,"1,162.11",24512,61.1,3.3,-1,0.3,71,97.8,62.9,58.975,64.747,62.017,60.9,72,68,82.45,4.2,94.99258883,91.54,95.94,118.69,62.38,64.06,112.92,44.54
2009/02,65,103,31,66,103,65.5,50.5,212.705,-0.42,77,"926,602.20",2.06,2.36,5.24,7.07,12.4,"312,117.30","1,429.46","1,516.40","334,521.70","346,130.10","331,386.30","340,886.30",2.88,-0.37,-0.36,0.82,-0.25,76.5,71.7,72.8,"1,063.03",24443,60.9,3.3,-0.1,0.3,70.6,97.6,68.2,62.911,69.308,58.913,56.9,76,70.6,83.045,4.3,94.95887598,92.16,97.72,123.34,55.88,57.26,111.55,50.6
2009/03,64,104,44,63,98,63.3,53.5,212.495,0.21,79.36000061,"934,597.30",1.77,2.51,4.97,6.14,12.12,"314,239.20","1,461.98","1,377.10","342,777.00","346,217.80","341,085.10","346,707.70",2.46,-0.29,0.15,-0.27,0.05,76.4,71.6,73.3,"1,206.26",24441,60.9,3.5,0.9,0.1,78,97.7,70.3,72.032,78.636,58.012,62.4,71,73.4,83.64,4.5,95.29328715,92.59,98.53,124.95,60.63,60.93,112.37,58.21
2009/04,70,116,54,81,105,68.3,63.1,212.709,0.88,72.88999939,"940,529.80",1.8,2.49,4.9,5.68,11.81,"315,504.90","1,341.90","1,348.00","350,446.00","352,604.00","350,296.30","355,842.00",2.41,0.03,-0.02,-0.07,-0.13,76.4,71.6,74.4,"1,369.36",24482,60.9,3.7,0.9,-0.2,78.5,97.8,73.2,73.22,79.879,56.211,62,82,90.9,83.862,4.3,95.42857095,92.7,95.94,115.25,63.37,63.02,113.21,62.7
2009/05,61,114,75,88,113,67.7,69.4,213.022,0.37,79.66000366,"943,796.40",1.91,2.56,5.05,5.16,11.43,"318,258.40","1,258.71","1,272.90","355,922.00","359,698.80","355,078.90","358,979.90",2.49,0.11,0.07,0.15,-0.05,76.5,71.7,75.5,"1,395.89",24507,60.9,3.9,0.5,0,77.4,97.8,73.3,72.532,78.636,55.81,66.7,85,96,83.862,4.2,95.41379441,91.99,94.4,111.75,59.09,58.97,115.39,59.44
2009/06,67,121,69,86,121,73.2,69.2,214.79,-0.49,83.76000214,"947,207.90",1.93,2.85,5.26,5.21,11.4,"322,190.10","1,261.35","1,284.70","362,111.30","375,303.80","360,032.70","368,128.40",2.41,0.02,0.29,0.21,0,76.7,71.8,76.3,"1,390.07",24734,61.4,3.9,0.5,0,81.9,98.5,75.9,76.656,83.266,55.259,65,88,99,83.788,4.3,95.49773743,91.75,95.62,117.47,63.81,65.67,113.92,63.54
2009/07,70,110,69,73,111,70.5,63.2,214.726,-0.73,86.15000153,"950,708.70",1.93,2.75,5.18,5.46,11.53,"326,140.40","1,263.97","1,240.50","363,421.40","357,861.30","363,604.60","364,338.50",2.43,0,-0.1,-0.08,0.04,76.9,72.1,77.1,"1,557.29",24629,61.1,3.8,-0.5,-0.1,79.5,98.6,77.2,77.842,82.989,55.81,63.5,90,100.2,84.086,4.1,96.03477095,92.8,96.51,117.44,65.25,70.35,110.42,64.7
2009/08,58,111,69,80,113,66.6,65,215.445,-1.1,73.97000122,"956,229.60",1.98,3.14,5.44,5.74,11.87,"329,474.60","1,238.40","1,244.90","361,012.40","365,842.20","364,399.10","374,321.00",2.3,0.05,0.39,0.26,0.16,77.1,72.3,78.3,"1,591.85",24668,61.1,3.8,-0.6,0,77,98.7,76.7,73.594,78.498,56.061,61.6,95,108.6,84.384,3.8,96.19213631,93.33,97.64,119.86,65.08,70.3,111,59.97
2009/09,69,115,88,91,120,73.4,73.5,215.861,-0.49,75.62999725,"958,578.10",1.99,3.44,5.38,5.58,11.77,"328,843.00","1,219.15","1,188.70","367,070.30","379,731.10","371,322.70","376,292.40",1.94,0.01,0.3,-0.06,0.32,77.7,72.9,79,"1,673.14",24686,61.1,3.7,0.2,-0.4,85,98.9,79.9,83.339,88.655,56.561,68.4,94,110.2,84.459,3.7,96.15373855,93.42,97.08,117.54,67.35,75.51,109.08,66.7
2009/10,69,117,81,76,120,73.7,68.6,216.509,-0.45,78.94999695,"958,048.50",1.99,3.52,5.45,5.6,11.8,"331,159.40","1,175.25","1,200.60","371,531.70","372,262.60","375,978.20","376,039.70",1.93,0,0.08,0.07,0.13,78,73.2,78.9,"1,580.69",24648,60.9,3.6,0,-0.1,80.3,99.1,78.2,80.029,85.684,56.26,69.5,99,112.9,84.235,3.5,96.13655196,92.67,96.02,116.25,69.73,78.17,108.91,66.29
2009/11,63,112,70,83,114,68.8,66.5,217.234,-0.79,79.97000122,"963,885.10",2,3.28,5.39,5.43,11.6,"333,097.80","1,164.23","1,167.40","370,979.70","374,320.20","374,368.80","377,088.60",2.11,0.01,-0.24,-0.06,-0.03,78.2,73.4,78.4,"1,555.60",24686,61,3.7,-0.1,0.1,81.8,99.1,78.9,81.653,87.481,56.861,69,95,109.3,84.384,3.3,96.12644246,92.99,97.08,118.49,65.32,74.94,107.12,65
2009/12,73,116,79,81,128,78,68.9,217.347,-0.62,81.43000031,"953,505.20",2,3.3,5.31,5.35,11.45,"335,906.30","1,166.45","1,167.60","376,977.30","389,394.50","374,251.80","380,301.40",2.01,0,0.02,-0.08,0.03,78.3,73.5,77.9,"1,682.77",24590,60.7,3.6,-1.5,0.2,91.2,99,79.4,84.214,89.899,57.813,73.5,94,110.6,84.682,3.2,96.0694324,93.46,97.57,119.1,71.32,84.16,105.31,66.78
2010/01,77,110,84,86,133,81.1,70.1,217.488,-0.33,84.11000061,"955,782.20",2,3.29,5.35,5.4,11.47,"336,072.70","1,138.82","1,156.50","381,218.20","386,966.90","377,709.60","381,654.20",2.06,0,-0.01,0.04,-0.02,78.4,73.6,78.6,"1,602.43",24836,61.2,4.6,0,1.5,79.3,99.2,79.3,81.813,86.524,63.288,66.7,94,113.6,85.351,3.1,96.46079888,93.87,98.3,118.58,69.17,81.1,108.03,60.5
2010/02,75,109,80,84,136,81.8,68.4,217.281,-0.17,91.37999725,"958,052.80",2,3.12,5.3,5.32,11.39,"337,116.90","1,157.08","1,158.40","387,858.60","390,792.40","382,557.20","382,828.10",2.18,0,-0.17,-0.05,-0.13,78.6,73.9,78.7,"1,594.58",24747,60.9,4,-0.2,-0.2,77.6,99.7,79.8,74.857,79.244,64.398,65.6,94,116.8,85.523,3.1,96.42229721,94.03,98.8,118.94,66.78,79.5,106.7,58.32
2010/03,77,112,78,82,136,82.4,67.9,217.353,0.35,92.19000244,"962,695.90",2.01,2.83,4.92,5.02,11.08,"339,197.80","1,137.64","1,130.80","386,015.40","384,902.10","383,343.90","386,158.40",2.09,0.01,-0.29,-0.38,-0.28,78.7,74.1,78.6,"1,692.85",24752,60.9,3.7,0.8,-0.7,87.4,100.1,80.6,88.421,94.08,63.484,69.5,94,115.6,85.696,3,96.46812067,94.47,99.13,119.91,77.61,91.34,108.51,71.1
2010/04,76,108,80,77,132,81,66.5,217.403,0.27,96.97000122,"967,784.20",2,2.67,4.91,4.69,10.75,"341,352.90","1,117.11","1,115.50","388,174.70","386,243.60","387,884.90","389,151.10",2.24,-0.01,-0.16,-0.01,-0.4,78.9,74.2,77.8,"1,741.56",24885,61.1,3.6,1.1,-0.4,84.1,100.3,81,87.986,93.527,64.071,68.6,94,117,86.041,3,96.53787821,95.16,99.73,120.97,75.45,91.02,107.41,71.5
2010/05,77,110,83,82,132,81,68.8,217.29,0.41,106.7200012,"974,047.50",2.01,2.73,4.95,4.48,10.54,"343,616.70","1,163.11","1,200.20","394,880.20","397,348.20","393,796.90","401,124.70",2.22,0.01,0.06,0.04,-0.29,78.9,74.2,77.3,"1,641.25",24939,61.2,3.2,0.6,-0.5,84.9,100.7,80.6,87.029,91.592,64.724,71.6,93,116.3,86.128,3,96.57318212,95.96,101.17,124.39,72.29,89.18,104.81,68.79
2010/06,82,116,79,84,139,85.6,69.8,217.199,-0.05,113.9300003,"975,225.80",2,2.92,4.93,4.65,10.62,"346,343.40","1,212.33","1,210.30","400,132.80","407,134.50","398,971.50","402,894.50",2.01,-0.01,0.19,-0.02,-0.16,78.9,74.2,77,"1,698.29",24967,61.2,3.5,0.1,0.3,87.5,100.8,80.8,88.943,94.357,64.071,69.8,95,115.1,86.041,2.9,96.55322123,96.07,102.01,127.31,72.89,89.38,104.1,71.49
2010/07,74,109,66,73,123,76.5,62.3,217.605,-0.05,95.41999817,"978,910.00",2.21,3.14,4.91,4.81,10.75,"348,923.30","1,207.30","1,187.20","403,785.10","401,594.60","403,470.10","403,197.00",1.77,0.21,0.22,-0.02,0.08,78.8,74,76.7,"1,759.33",25117,61.5,3.8,0.1,0.2,84.7,101,81.1,88.855,93.159,65.833,71.1,94,115.3,86.214,3,96.75500335,96.31,102.11,126.84,74.72,90.19,104.75,73.35
2010/08,82,107,69,75,120,78.3,62.9,217.923,0.31,95.69999695,"978,486.60",2.27,3.13,4.68,4.68,10.62,"348,915.40","1,179.92","1,189.10","400,882.50","396,132.80","405,513.00","404,745.40",1.55,0.06,-0.01,-0.23,0.11,78.7,74,76.6,"1,742.75",25000,61.1,3.5,-1,-0.4,81.6,100.6,79.2,83.899,89.473,66.028,68.6,95,113.8,86.647,3.1,97.00336648,96.6,101.91,126.68,75.02,90.29,104.4,69.5
2010/09,82,108,61,73,123,79.6,60.9,218.275,0.37,88.80999756,"983,395.20",2.27,2.99,4.28,4.41,10.36,"350,814.90","1,167.01","1,142.00","404,413.50","398,296.70","408,000.20","402,569.10",1.29,0,-0.14,-0.4,-0.01,78.7,74,77.2,"1,872.81",25013,61.1,3.8,0.1,0.1,83.7,100.2,79.5,84.769,89.933,65.767,74,91,114.1,87.337,3.1,97.35027821,97.16,102.39,126.54,73.12,89.76,102.48,69.65
2010/10,78,110,67,70,119,76.6,61.9,219.035,0.68,79.19999695,"991,773.60",2.26,2.8,4.11,4.13,10.14,"353,400.60","1,123.45","1,126.60","405,000.10","408,217.40","410,746.00","410,101.00",1.31,-0.01,-0.19,-0.17,-0.06,78.9,74.2,77.7,"1,882.95",25056,61.1,3.7,0.2,-0.1,85.4,99.7,80.3,91.463,97.029,66.551,74.8,92,111.8,87.337,3.3,97.3657486,97.52,102.45,124.95,75.51,93.89,101.62,76.15
2010/11,81,109,71,78,131,82.1,64.8,219.59,0.45,93.19000244,"997,054.20",2.37,2.92,4.48,4.19,10.27,"356,505.90","1,126.20","1,157.30","414,912.80","416,070.80","418,390.00","419,332.90",1.56,0.11,0.12,0.37,-0.09,79.1,74.5,78.3,"1,904.63",24970,60.9,3.3,-0.4,-0.3,86.1,99.7,80.7,91.637,97.674,66.616,75.3,94,113.3,86.906,3.2,96.94828603,97.85,103.23,127.37,77.62,98.61,100.54,73.26
2010/12,80,112,79,78,140,85.3,67.5,220.472,0.7,100.3600006,"987,148.10",2.5,2.87,4.46,4.17,10.21,"359,825.80","1,147.55","1,138.90","425,673.90","427,791.60","422,564.60","418,093.50",1.59,0.13,-0.05,-0.02,0.02,79.4,74.9,79.2,"2,051.00",25148,61.2,3.7,-0.9,0.5,95,100.1,82.3,93.637,99.24,68.051,78.7,93,111.8,87.251,3.2,96.91502346,98.76,104.88,133.08,79.23,102.52,99.55,74.69
2011/01,85,110,87,80,126,81.8,69.3,221.187,0.77,98.83000183,"993,802.10",2.66,3.09,4.69,4.52,10.52,"361,370.60","1,120.07","1,114.30","429,368.10","433,252.50","425,162.00","430,378.80",1.6,0.16,0.22,0.23,0.13,79.7,75.3,80.5,"2,069.73",24959,60.7,3.5,-1.1,0.3,85.9,101,83.8,91.551,97.49,68.181,77.2,92,111.6,88.288,3.6,97.63424022,100.28,105.91,132.46,81.76,108.42,97.4,69.92
2011/02,91,114,85,87,133,86.9,71.6,221.898,0.36,107.0699997,"1,001,239.20",2.75,3.39,4.76,4.72,10.74,"363,460.70","1,118.14","1,127.90","432,482.80","432,542.70","426,979.70","430,207.40",1.37,0.09,0.3,0.07,0.06,80.3,76,81.8,"1,939.30",25228,61.3,3.7,0.8,0.7,77.3,100.8,80.5,79.987,86.156,67.137,68.5,92,113.1,88.892,3.7,97.56048268,101.03,107.18,136.18,69.45,94.09,97.42,62.22
2011/03,80,103,60,67,133,82.5,57.9,223.046,0.72,103.0199966,"1,008,342.80",2.92,3.42,4.51,4.54,10.58,"366,083.70","1,122.45","1,107.20","430,936.60","422,368.50","428,379.60","422,908.00",1.09,0.17,0.03,-0.25,0.03,81,76.9,82.8,"2,106.70",25380,61.5,3.8,1.1,-0.2,90.8,100.9,82,96.159,102.188,68.442,77.1,84,109.8,89.238,3.9,97.88383687,102.24,109.33,141.08,83.3,117.16,96.27,74.42
2011/04,80,102,74,69,133,82.5,61.6,224.093,1.59,86.52999878,"1,020,032.70",3.01,3.43,4.48,4.54,10.58,"369,210.20","1,086.84","1,072.30","425,420.50","426,690.10","424,923.10","425,144.20",1.05,0.09,0.01,-0.03,-0.01,81.9,78,83.3,"2,192.36",25356,61.4,3.5,0.7,-0.6,86.7,100.4,80.6,92.854,98.411,68.964,76.1,86,113.5,89.325,4,97.90964358,102.87,109.8,141.95,78.8,114.1,95.16,71.72
2011/05,83,106,84,88,128,81.9,69.5,224.806,0.92,84.95999908,"1,027,141.80",3.02,3.43,4.34,4.44,10.48,"371,112.40","1,083.54","1,080.60","423,994.70","414,731.70","423,574.80","417,819.90",0.91,0.01,0,-0.14,0.02,82,78.2,83.6,"2,142.47",25421,61.5,3.3,0.6,-0.5,87.3,100.8,80.7,93.202,97.674,70.857,79.6,88,111.3,89.497,3.9,98.39157095,103.18,109.74,138.92,77.31,115.83,91.08,69.14
2011/06,84,108,74,77,128,82,64.7,224.806,0.2,96.47000122,"1,028,822.50",3.2,3.49,4.24,4.4,10.44,"373,466.30","1,081.27","1,078.10","421,885.30","421,696.60","420,951.00","417,457.50",0.75,0.18,0.06,-0.1,-0.03,82.4,78.7,83.8,"2,100.69",25513,61.7,3.3,0.2,0.1,90.2,101,81.5,94.246,98.687,71.639,77.7,87,108.3,89.67,4,98.37093631,102.95,109.85,138.21,77.82,114.8,91.94,70.98
2011/07,77,103,55,64,117,75.7,55.9,225.395,0.29,92.19000244,"1,036,406.50",3.26,3.59,4.23,4.48,10.47,"376,063.10","1,059.50","1,052.60","418,973.10","421,106.10","418,965.90","422,556.00",0.64,0.06,0.1,-0.01,0.03,82.7,79.2,84.2,"2,133.21",25446,61.4,3.3,-0.4,0,86.8,101,80.5,92.159,96.015,72.945,77.7,86,107.4,90.102,4,98.61002793,103.09,109.41,136.49,77.25,113.46,92.2,72.37
2011/08,68,99,40,48,108,68.5,47.6,226.106,-0.09,86.23999786,"1,042,136.70",3.25,3.5,3.96,4.29,10.27,"378,014.70","1,073.17","1,071.70","422,649.30","415,647.00","426,983.40","424,596.20",0.46,-0.01,-0.09,-0.27,0.07,83.2,79.7,84.9,"1,880.11",25487,61.5,3.2,-0.6,-0.3,84.8,101.2,79.5,88.334,93.343,73.075,76,85,106.3,90.707,4.3,98.84466034,103.22,109.61,136.84,78.18,115.33,91.39,69.11
2011/09,77,104,39,52,117,75.2,49.4,226.597,-0.54,88.91000366,"1,052,250.80",3.25,3.41,3.75,4.24,10.18,"379,947.10","1,118.61","1,179.50","425,196.40","418,253.20","428,326.60","421,944.60",0.34,0,-0.09,-0.21,0.03,83.6,80.2,85.5,"1,769.65",25243,60.8,3.3,-0.4,0,87.8,100.8,80.1,90.768,96.015,73.271,79.7,83,105.9,90.62,4.3,98.29917654,103.3,110.91,141.63,79.67,116.71,91.41,72.72
2011/10,77,102,45,58,115,74.9,51.7,226.75,-0.37,91.81999969,"1,064,421.30",3.24,3.46,3.86,4.29,10.22,"382,936.10","1,155.45","1,104.50","421,480.10","418,673.50","427,065.30","425,057.30",0.4,-0.01,0.05,0.11,0.01,83.9,80.5,85.5,"1,909.03",25533,61.5,3.2,0.7,-0.1,88.4,101,80.7,95.376,100.622,75.293,80.3,85,104,90.448,4.3,98.62437207,103.2,111.52,143.01,75.75,110.21,90.51,71.5
2011/11,79,106,52,60,120,77.4,54.9,227.169,0.14,97.48999786,"1,071,358.20",3.26,3.42,3.8,4.24,10.09,"384,750.50","1,132.31","1,150.30","423,111.90","421,516.60","427,208.80","426,157.50",0.38,0.02,-0.04,-0.06,0,84.2,80.9,85,"1,847.51",25508,61.4,3.3,-0.3,0,88.4,100.7,79.9,95.028,99.701,76.728,80.2,88,104.1,90.534,4.2,98.44269162,102.87,110.52,141.01,76.81,109.69,91.39,72.87
2011/12,77,108,70,75,128,79.6,63.6,227.223,-0.04,92.05000305,"1,063,192.50",3.26,3.4,3.81,4.24,10.04,"388,415.90","1,147.45","1,153.30","432,602.20","442,077.50","429,580.90","428,250.30",0.41,0,-0.02,0.01,-0.06,84.3,81.1,84.3,"1,825.74",25537,61.3,3.2,-1.1,0.1,96.6,100.7,78,95.811,101.728,78.23,84.3,85,100,90.879,4.1,98.69079777,102.97,110.53,141.22,81.82,117.19,89.7,73.65
2012/01,88,112,82,82,130,84.2,69.1,227.842,0.39,97.23000336,"1,066,592.20",3.26,3.39,3.8,4.24,10.04,"387,634.70","1,145.85","1,125.00","439,352.90","437,635.80","431,311.30","432,224.30",0.41,0,-0.01,-0.01,0.11,84.5,81.3,85.1,"1,955.79",25498,61.2,3.2,-0.8,0.5,84.7,100.3,79.9,88.681,94.725,77.837,81.4,83,101,91.242,4.2,99.1177743,103.5,111.07,142.61,79,112.49,91.03,64.4
2012/02,87,109,82,90,128,83,70.3,228.329,0.02,93.45999908,"1,069,053.80",3.25,3.41,3.81,4.25,10.02,"388,301.60","1,123.35","1,126.50","437,193.90","434,622.80","433,332.40","434,393.90",0.4,-0.01,0.02,0.01,-0.04,84.5,81.3,85.2,"2,030.25",25659,61.5,3.4,0.6,0.7,84.6,100.7,82.3,92.246,97.766,76.598,74.4,87,104.6,91.588,4.1,99.2793676,104.21,111.52,143.3,80.11,115.16,91.3,71.31
2012/03,97,112,79,89,125,86,69.8,228.807,-0.36,91.97000122,"1,070,385.90",3.25,3.47,3.95,4.36,10.09,"389,347.60","1,125.90","1,137.80","440,075.40","447,429.70","436,939.60","443,130.60",0.48,0,0.06,0.14,-0.02,84.5,81.3,85,"2,014.04",25721,61.6,3.3,0.8,-0.5,91.5,100.5,79.9,97.028,102.281,76.794,80.2,87,105.9,91.614,4.1,98.18097765,104.73,112.48,145.68,78.86,115.66,90.11,72.26
2012/04,88,110,87,92,126,82.9,72.3,229.187,-0.31,96.55999756,"1,076,282.80",3.25,3.45,3.9,4.25,9.96,"390,543.30","1,135.55","1,134.20","437,445.30","433,876.80","437,599.00","438,477.80",0.45,0,-0.02,-0.05,-0.06,84.5,81.3,84.7,"1,981.99",25796,61.8,3.3,1.1,-0.2,86.7,100.6,80.4,92.854,97.858,76.011,78.6,88,109.3,91.605,3.9,97.82964022,104.78,112.65,144.11,75.85,112.96,88.28,68.13
2012/05,93,113,91,94,132,87.2,74.3,228.713,-0.66,105.0299988,"1,080,860.20",3.26,3.37,3.75,4.01,9.63,"391,537.50","1,154.27","1,177.80","438,795.30","436,764.30","439,449.20","440,282.90",0.38,0.01,-0.08,-0.15,-0.09,84.4,81.1,84.5,"1,843.47",25887,61.9,3.1,0.6,-0.4,89.4,100.7,80.4,96.245,101.267,77.12,84,90,105.4,91.769,3.8,97.83137207,104.19,111.85,141.39,78.68,114.7,88.36,71.87
2012/06,85,110,79,81,125,81.5,67.8,228.524,-0.7,107.6500015,"1,083,714.20",3.26,3.29,3.63,3.87,9.48,"392,841.20","1,165.51","1,153.80","441,611.00","449,447.90","440,573.90","439,542.40",0.34,0,-0.08,-0.12,-0.09,84.2,80.9,84.1,"1,854.01",25859,61.8,3.2,-0.1,0.1,90.3,100.6,79,94.942,100.622,74.901,80.3,88,100.9,91.639,3.8,97.98500894,102.93,109.8,136.37,76.51,107.67,89.67,74.7
2012/07,83,108,74,79,130,82.7,65.6,228.59,-0.67,96.37999725,"1,085,112.30",3.08,3.02,3.3,3.6,9.18,"393,148.10","1,143.36","1,136.20","441,760.60","437,340.90","442,623.70","444,308.80",0.28,-0.18,-0.27,-0.33,-0.12,84,80.6,83.5,"1,881.99",25839,61.7,3.1,-0.2,-0.1,88.2,100.8,77.7,92.159,96.936,75.293,81,86,96.4,91.432,3.7,98.24816201,102.48,108.7,135.21,79.72,107.69,93.49,77.05
2012/08,90,108,73,78,139,88.7,65.1,229.918,-0.12,92.72000122,"1,089,617.20",3,2.84,3.09,3.4,8.79,"393,717.80","1,131.69","1,134.60","439,573.20","435,185.00","444,205.40","443,419.90",0.25,-0.08,-0.18,-0.21,-0.23,83.7,80.2,83.4,"1,905.12",25810,61.6,3.2,-0.7,-0.1,84.7,100.1,74,87.203,92.053,77.837,77.2,88,94.7,91.855,3.6,98.46436425,103.11,109.47,137.46,77.46,105.72,93.42,72.33
2012/09,89,113,87,95,132,85.7,73.5,231.015,-0.24,97.48999786,"1,096,901.70",2.99,2.85,3.05,3.31,8.69,"393,380.90","1,124.78","1,118.60","440,034.30","451,773.40","443,654.80","446,432.20",0.2,-0.01,0.01,-0.04,-0.12,83.5,79.9,83.3,"1,996.21",25879,61.7,3.2,0.2,-0.1,89,100,76.4,91.029,97.858,74.706,83.8,86,93.6,92.512,3.5,98.40256425,103.47,109.84,138.46,78.16,109.42,91.49,76.67
2012/10,99,118,96,103,128,88.1,79,231.638,0.02,102.5899963,"1,102,654.70",2.8,2.81,2.97,3.3,8.68,"393,368.70","1,106.93","1,094.10","444,477.80","442,153.90","449,550.60","450,849.70",0.16,-0.19,-0.04,-0.08,-0.06,83.4,79.7,83.4,"1,912.06",25864,61.6,3.1,0,-0.1,88,99.7,78,94.594,99.701,75.75,83.2,87,91.5,92.339,3.3,98.42946257,102.67,108.69,133.89,78.83,111.61,90.3,76.48
2012/11,97,116,97,98,137,90.6,77.7,231.249,-0.33,101.5800018,"1,105,898.10",2.75,2.79,2.99,3.32,8.71,"392,903.80","1,087.52","1,084.70","445,463.90","447,694.20","449,770.10","452,170.40",0.2,-0.05,-0.02,0.02,-0.04,83.3,79.6,82.9,"1,932.90",25792,61.4,3.2,-0.4,0,90.2,100,78.6,97.898,102.281,79.142,84.6,87,90.8,92.011,3.2,98.39041676,101.96,107.5,129.93,80.45,111.99,91.18,79.45
2012/12,91,102,74,77,134,87,63.8,231.221,-0.13,99.73999786,"1,099,781.80",2.75,2.8,3.13,3.3,8.79,"397,812.40","1,076.97","1,071.10","457,778.90","470,010.60","454,552.80","461,093.00",0.33,0,0.01,0.14,-0.03,83.1,79.3,82.1,"1,997.05",25734,61.2,3.1,-1.3,0.1,96.6,100.2,78,95.898,101.452,81.687,86.9,85,91.5,92.175,3.1,98.45668492,101.71,106.68,128.57,80.41,110.6,92.18,74.89
2013/01,85,107,84,75,135,85,66.6,231.679,-0.03,102.7099991,"1,099,778.90",2.76,2.72,3.05,3.2,8.72,"395,255.10","1,065.35","1,082.70","464,914.50","463,438.30","462,205.40","463,033.30",0.33,0.01,-0.08,-0.08,0.01,82.9,79.1,83,"1,961.94",25762,61.2,3.1,-0.6,0.5,88,100.1,80.5,96.68,101.36,83.906,79.7,88,94.6,92.728,3.2,99.0445486,101.87,106.51,127.54,84.74,116.57,92.95,76.04
2013/02,90,110,87,84,140,89,70.2,232.937,-0.36,98.16999817,"1,101,851.10",2.75,2.68,3.04,3.06,8.66,"394,072.40","1,086.68","1,085.40","472,239.60","471,636.00","466,703.90","466,684.80",0.36,-0.01,-0.04,-0.01,-0.11,82.7,78.9,83.1,"2,026.49",25732,61.1,3.2,0.1,0.5,83.5,100.1,77.6,84.595,90.487,81.296,76.1,89,96.6,93.038,3.2,99.01321117,102.57,107.69,131.02,75.42,104.12,93.05,70.37
2013/03,94,109,85,89,140,90.7,70.8,232.282,-0.53,95.95999908,"1,104,331.30",2.74,2.6,2.91,2.95,8.55,"394,484.80","1,102.20","1,112.10","472,430.10","479,127.50","468,960.60","472,618.30",0.31,-0.01,-0.08,-0.13,-0.09,82.7,78.8,83.5,"2,004.89",25823,61.2,3,1,-0.4,91.1,99.7,76.7,95.289,101.543,80.317,82,90,98.6,92.952,3.2,98.66341229,102.16,107.88,129.98,81.05,112.37,92.15,77.75
2013/04,96,105,86,80,137,89.9,67.8,231.797,-0.71,91.16000366,"1,110,645.30",2.75,2.58,2.84,2.91,8.53,"394,136.70","1,121.83","1,108.10","475,330.00","473,512.40","475,323.60","478,262.40",0.26,0.01,-0.02,-0.07,-0.11,82.8,79,83.8,"1,963.95",25991,61.6,3,1.2,-0.3,90.1,99.8,77.2,95.202,100.715,78.751,79.8,90,98.2,92.823,3.1,98.59266704,101.84,107.54,130.1,82.87,112.51,93.07,78.68
2013/05,107,115,100,89,147,98,75.8,231.893,-0.84,80.54000092,"1,116,788.70",2.55,2.59,2.9,2.96,8.59,"395,960.30","1,110.67","1,128.30","475,526.70","481,394.20","476,235.60","485,799.30",0.31,-0.2,0.01,0.06,-0.09,82.9,79.2,84,"2,001.05",26057,61.7,3,0.5,-0.2,90.9,99.7,76.6,96.159,101.636,79.404,83.9,91,97.5,92.823,2.9,98.59916089,101.49,106.61,127.75,81.29,108.73,94.27,83.38
2013/06,100,115,104,93,143,93.8,77.8,232.445,-0.65,66.15000153,"1,125,805.50",2.49,2.66,3.31,3.24,8.87,"399,763.60","1,135.21","1,149.70","486,587.50","502,296.70","486,053.40","492,009.20",0.65,-0.06,0.07,0.41,-0.04,82.9,79.2,83.7,"1,863.32",26123,61.8,3.1,0.2,0.1,91,99.9,76.3,93.724,100.07,77.772,80.7,91,96.7,92.71,2.8,98.62223575,101.48,107.01,130.45,78.78,104.67,95.13,77.6
2013/07,106,113,104,89,149,98.6,76.5,232.9,-0.64,53.27000046,"1,129,168.60",2.48,2.66,3.47,3.38,9.02,"399,803.10","1,127.23","1,113.60","488,982.70","478,885.60","489,355.30","486,514.40",0.81,-0.01,0,0.16,0.04,82.9,79.2,84.3,"1,914.03",26169,61.8,3.2,-0.1,0,89.7,99.8,74.3,93.898,98.687,80.904,82.6,93,95.8,92.909,2.9,98.42969274,101.46,106.68,129.39,84.24,111.46,95.45,79.9
2013/08,102,118,95,82,144,95.2,73.7,233.456,-0.55,48.24000168,"1,135,486.70",2.5,2.66,3.61,3.33,9.02,"400,943.60","1,116.98","1,110.90","481,416.90","485,277.80","485,123.20","488,160.20",0.95,0.02,0,0.14,0.03,82.8,79.1,84.6,"1,926.36",26208,61.9,3.2,-0.5,-0.1,87.4,99.8,76,90.334,96.66,80.578,79.6,91,95.8,93.238,3,98.57650615,101.74,106.74,130.22,80.38,106.73,94.92,78.75
2013/09,96,109,86,76,143,92.6,67.8,233.544,-0.27,59.63000107,"1,141,771.10",2.5,2.67,3.53,3.29,8.99,"401,572.20","1,087.35","1,075.60","490,518.70","493,852.40","492,571.20","497,420.60",0.86,0,0.01,-0.08,0.02,82.8,79.1,85.2,"1,996.96",26280,62,3,0.2,-0.3,88.1,99.7,73.6,87.899,93.435,81.23,82.7,89,96.6,93.419,2.9,98.45581676,101.63,106.25,127.21,79.17,106.38,94.17,76.45
2013/10,96,107,67,74,136,89.9,62.5,233.669,-0.18,60.29999924,"1,151,207.50",2.5,2.66,3.44,3.25,8.96,"403,757.60","1,066.80","1,061.40","491,947.90","495,348.60","497,463.30","501,066.20",0.78,0,-0.01,-0.09,-0.01,83,79.5,85.7,"2,030.09",26354,62.1,3.1,0.2,0,91.9,100,76.9,98.506,103.756,82.405,84.7,91,97.8,93.134,2.9,98.54592067,101.27,105.55,124.12,86.84,117.1,93.78,85.71
2013/11,92,106,79,81,136,88,66.8,234.1,-0.68,59.47000122,"1,161,013.70",2.5,2.705,3.584,3.366,9.066,"406,464.00","1,062.82","1,062.10","499,242.70","505,331.20","502,521.70","504,201.10",0.879,0,0.045,0.144,-0.04,83.2,79.7,85.7,"2,044.87",26400,62.1,3.1,-0.1,-0.1,91.6,100,76.6,97.55,102.649,84.232,86.4,92,98.2,93.116,2.9,98.7775486,101.07,105.13,123.56,83.03,111.24,94.17,82.83
2013/12,100,108,94,86,156,98.6,72.1,234.719,-0.49,47.11999893,"1,154,760.30",2.5,2.685,3.653,3.36,9.058,"410,177.20","1,056.67","1,055.30","509,617.90","515,643.40","506,237.90","505,709.80",0.968,0,-0.02,0.069,-0.03,83.3,79.9,85.7,"2,011.34",26388,62,3.2,-1.2,0.4,98.7,100.2,77.2,98.593,103.756,85.275,87.5,92,98,93.229,2.9,98.93845363,101.3,105.16,124.03,85.19,114.14,94.4,80.11
2014/01,104,114,93,77,147,96.8,71.2,235.288,-0.63,49.20000076,"1,162,583.60",2.5,2.657,3.647,3.319,9.019,"409,978.80","1,064.75","1,079.20","515,742.50","519,487.40","509,835.30","513,084.40",0.99,0,-0.028,-0.006,0.01,83.5,80.2,86.3,"1,941.15",26576,62.4,3.2,-0.3,0.4,89,100.5,78.6,92.594,97.121,85.863,84.5,93,100.6,93.73,2.9,99.88965475,101.57,105.85,123.71,85.41,115.7,92.82,76.86
2014/02,99,116,93,82,148,95.4,72.7,235.547,-0.29,45.09000015,"1,169,134.70",2.49,2.64,3.522,3.28,8.974,"411,749.80","1,071.30","1,067.70","518,475.50","519,601.40","515,482.40","521,302.40",0.882,-0.01,-0.017,-0.125,-0.04,83.7,80.5,86.9,"1,979.99",26783,62.8,3.6,0.8,1.1,85,100.5,77.4,87.986,93.435,84.036,75.8,93,102.8,93.98,2.9,99.8299486,101.7,105.83,124.78,81.13,108.77,93.73,74.08
2014/03,100,117,88,75,148,95.7,70,236.028,-0.62,46.59000015,"1,171,776.10",2.48,2.659,3.543,3.303,8.994,"413,961.00","1,070.89","1,068.80","520,299.00","519,820.10","517,660.00","518,567.50",0.884,-0.01,0.019,0.021,-0.02,83.9,80.8,87.4,"1,985.61",26675,62.5,3.4,0.4,-0.6,93.7,100.6,78.2,98.245,104.216,84.558,84.2,91,100.9,94.153,2.8,99.92120782,101.66,105.82,124.13,87.45,117.37,93.38,83.7
2014/04,110,117,101,81,146,98.7,74.7,236.468,-0.81,37.04000092,"1,183,768.40",2.49,2.653,3.54,3.303,8.998,"417,289.40","1,044.55","1,031.70","518,809.30","516,118.40","519,022.90","522,129.00",0.887,0.01,-0.006,-0.003,0,83.9,80.9,87.4,"1,961.79",26848,62.9,3.6,1.2,-0.1,91.6,100.4,78.7,97.636,102.373,85.275,81.4,93,102.7,94.214,2.9,99.92256425,101.5,104.94,121.07,88.57,118.19,93.62,86.36
2014/05,104,109,98,87,141,94.5,73.7,236.918,-0.82,33.61999893,"1,192,150.70",2.49,2.641,3.402,3.264,8.957,"419,764.50","1,024.99","1,021.60","523,069.90","530,061.80","524,147.80","528,450.90",0.761,0,-0.012,-0.138,-0.06,84,80.9,87.4,"1,994.96",26717,62.5,3.5,0,-0.3,90.7,100,75,94.333,100.162,84.558,86.3,91,100.8,94.369,2.8,99.93573631,101.49,104.45,119,81.86,109.2,93.82,80.81
2014/06,109,111,97,86,141,96.6,73.5,237.231,-0.68,33.75,"1,197,252.10",2.48,2.602,3.286,3.168,8.863,"423,608.40","1,019.36","1,014.40","532,041.20","540,139.90","531,191.40","534,302.90",0.684,-0.01,-0.039,-0.116,-0.05,84,80.9,87.5,"2,002.21",26751,62.5,3.5,0.1,0,92.7,100,76.7,94.42,99.609,83.645,82.5,92,97.4,94.248,2.8,99.94838101,101.53,104.42,118.94,80.7,107.89,93.88,78.81
2014/07,106,113,90,84,146,97.4,71.8,237.498,-0.81,38.34000015,"1,203,371.50",2.49,2.488,3.056,2.97,8.668,"427,356.90","1,019.93","1,024.30","534,028.80","531,341.80","534,964.60","540,326.30",0.568,0.01,-0.114,-0.23,-0.05,84,81,87.6,"2,076.12",26856,62.7,3.5,0.1,-0.1,92.5,100,77.5,97.81,100.991,86.515,84,91,95.6,94.386,2.8,99.93923352,101.61,104.62,118.32,86.72,116.64,93.66,83.64
2014/08,113,118,88,80,145,99.8,71.3,237.46,-0.62,45.91999817,"1,212,151.80",2.34,2.389,3.086,2.926,8.65,"432,501.50","1,025.36","1,013.60","538,640.30","544,162.60","543,029.50","546,351.80",0.697,-0.15,-0.099,0.03,-0.03,84.1,81.1,88.2,"2,068.54",26986,63,3.6,-0.3,-0.1,88,100,73.9,87.986,93.712,84.754,82.2,92,97.9,94.551,2.8,99.84788939,101.5,104.55,117.37,82.74,110.66,94.14,78
2014/09,108,116,99,88,148,98.9,75.4,237.477,-0.81,48.33000183,"1,220,907.40",2.23,2.277,3.012,2.786,8.533,"436,656.40","1,033.24","1,050.60","548,550.80","550,777.80","549,969.10","553,260.30",0.735,-0.11,-0.112,-0.074,0,84.3,81.4,88.9,"2,020.09",26928,62.8,3.5,-0.1,-0.2,89.6,99.7,74,89.725,95.278,84.166,83.7,93,100.7,94.49,2.8,99.74820223,101.14,104.08,115.94,86.06,113.38,94.84,82.04
2014/10,107,124,105,90,147,98.3,79.6,237.43,-0.59,41.59999847,"1,235,268.50",2.06,2.134,2.769,2.595,8.348,"442,106.60","1,060.28","1,054.00","551,416.00","555,516.10","556,377.80","561,472.80",0.635,-0.17,-0.143,-0.243,-0.12,84.5,81.7,89.4,"1,964.43",26966,62.8,3.6,0,0.1,92.2,99.3,74.1,95.724,100.807,84.819,84.8,91,96,94.205,2.7,99.80770168,100.43,103.67,114.7,88.14,113.86,95.01,89.15
2014/11,108,116,104,100,158,102.7,79.9,236.983,-0.97,44.70000076,"1,244,462.80",1.98,2.047,2.692,2.466,8.256,"447,030.30","1,095.10","1,101.10","562,006.20","571,182.80","565,203.50","569,461.80",0.645,-0.08,-0.087,-0.077,-0.08,84.6,81.9,89.7,"1,980.78",27010,62.9,3.5,-0.1,-0.2,91.2,99,74.5,94.507,100.898,84.297,86.5,90,97.4,94.015,2.7,99.73936872,100.12,103.25,113.7,85.32,105.99,97.04,86.43
2014/12,114,123,116,108,158,104.8,86.4,236.252,-0.39,48.24000168,"1,250,103.30",1.99,2.072,2.681,2.46,8.286,"452,031.30","1,104.33","1,099.20","577,721.10","585,822.60","573,916.40","575,571.90",0.609,0.01,0.025,-0.011,0.03,84.8,82.1,89.9,"1,915.59",26948,62.7,3.6,-1.2,0.3,101,99.3,76.3,99.984,106.059,83.122,90.5,89,96.3,94.006,2.6,99.77647374,99.14,101.69,107.86,94.61,112.7,98.04,93.6
2015/01,121,122,132,112,162,109.3,91,234.747,-0.5,46.86000061,"1,258,300.90",1.99,1.995,2.415,2.356,8.209,"453,264.00","1,088.86","1,090.80","579,964.20","579,077.60","577,721.00","574,438.40",0.42,0,-0.077,-0.266,0.01,84.9,82.3,90.5,"1,949.26",27020,62.8,3.5,-0.5,0.4,89.2,99.3,74.6,93.797,99.302,84.785,81.3,89,98.2,94.643,2.6,101.8448447,97.92,99.19,99.72,89.7,101.11,100.8,88.2
2015/02,121,126,118,109,156,106.9,88,235.342,-0.31,49.43999863,"1,267,564.30",1.99,1.981,2.346,2.3,8.191,"457,004.10","1,098.40","1,099.20","592,737.40","602,450.30","586,533.80","591,363.20",0.365,0,-0.014,-0.069,-0.1,85,82.5,91.1,"1,985.80",27148,63,3.6,0.6,0.8,84.8,99.7,75.9,83.459,89.531,85.4,79.9,89,102.7,94.587,2.6,101.7966849,97.99,98.49,102.52,80.83,87.16,105.41,81.53
2015/03,117,122,116,105,155,105,85.3,235.976,-0.38,53.72000122,"1,273,076.70",1.82,1.838,2.276,2.128,8.027,"460,982.40","1,112.57","1,105.00","600,719.90","604,857.20","598,244.70","602,736.10",0.438,-0.17,-0.143,-0.07,-0.27,85.3,82.9,92,"2,041.03",27011,62.6,3.5,0.3,-0.5,94.7,99.3,73.9,97.086,103.888,85.224,85.4,90,101,94.596,2.5,101.0367855,97.87,98.85,102.86,90.84,98.82,103.89,97.02
2015/04,120,124,124,109,158,107,88.8,236.222,-0.34,54.00999832,"1,287,415.50",1.73,1.703,2.177,1.988,7.888,"468,824.00","1,088.66","1,068.10","610,803.30","611,660.80","610,838.20","619,629.80",0.474,-0.09,-0.135,-0.099,-0.16,85.7,83.4,92.7,"2,127.17",27038,62.6,3.6,0.8,-0.1,92.9,99.2,74.8,95.301,101.396,86.807,84.6,92,103.4,94.625,2.5,101.0570056,97.84,98.22,100.38,90.5,97.78,104.61,97.48
2015/05,111,123,113,102,150,100.8,84.2,237.001,-0.54,50.59999847,"1,292,675.90",1.74,1.746,2.49,2.115,8.025,"469,218.00","1,091.27","1,108.00","621,985.50","627,818.80","623,005.20","626,012.40",0.744,0.01,0.043,0.313,0.25,86,83.8,93.3,"2,114.80",27105,62.8,3.7,0.6,-0.2,91.3,98.6,72.7,91.447,97.807,86.983,88.6,93,101.8,94.89,2.4,100.3458872,97.9,98.24,101.65,84.81,91.25,105.79,90.84
2015/06,119,125,125,104,163,108.9,87.8,237.657,-0.86,49.33000183,"1,283,772.40",1.57,1.63,2.468,2.012,7.923,"457,614.50","1,112.20","1,124.10","630,546.30","648,004.50","630,058.30","640,185.40",0.838,-0.17,-0.116,-0.022,-0.05,86.3,84.2,93.8,"2,074.20",27107,62.7,3.8,0,0.1,95.1,98.5,74.4,95.395,101.097,88.478,82,90,91.3,94.909,2.5,100.3664771,97.85,98.65,102.23,85.9,92.63,105.1,95.37
2015/07,116,122,115,101,161,107.2,84.1,238.034,-0.4,48.31999969,"1,289,200.90",1.48,1.597,2.45,2.001,7.919,"458,250.00","1,143.22","1,166.30","645,975.40","643,940.70","646,263.20","653,929.60",0.853,-0.09,-0.033,-0.018,-0.05,86.5,84.5,94.7,"2,030.16",27200,62.9,3.7,0,-0.2,92.1,98.4,73.4,94.361,99.402,90.853,84.5,89,95.4,95.08,2.6,100.382581,97.5,98.62,101.79,91.81,97.52,104.71,96.62
2015/08,120,124,111,100,152,105.1,83.4,238.033,-0.67,46.04000092,"1,302,653.40",1.49,1.582,2.308,1.98,7.909,"464,677.10","1,179.10","1,176.30","653,105.90","655,306.40","657,090.20","664,701.40",0.726,0.01,-0.015,-0.142,-0.02,86.8,84.8,95.4,"1,941.49",27207,62.8,3.7,-0.6,-0.2,90,98.9,75.4,89.004,94.417,91.381,82.5,90,97,95.213,2.5,100.4226972,96.89,98.21,101.37,85.79,88.66,104.99,88.24
2015/09,111,121,100,93,151,101.2,78.2,237.498,-0.39,50.16999817,"1,314,440.90",1.48,1.553,2.216,1.946,7.872,"470,243.00","1,184.76","1,194.50","665,691.10","679,698.40","666,971.60","681,577.00",0.663,-0.01,-0.029,-0.092,-0.02,87,85.2,96,"1,962.81",27216,62.8,3.5,0.1,-0.2,93.6,99.6,76.4,93.891,99.003,89.622,87.6,91,96.7,94.966,2.5,100.6113676,96.47,97.34,100.75,86.95,87.2,106.64,99.12
2015/10,111,127,101,101,154,102.3,82.1,237.733,-0.22,47.22999954,"1,333,439.50",1.48,1.546,2.088,1.962,7.894,"477,560.60","1,148.18","1,142.30","669,737.70","677,516.40","674,702.40","677,674.70",0.542,0,-0.007,-0.128,-0.02,87.3,85.6,96.4,"2,029.47",27225,62.8,3.5,0,-0.1,95.5,100.1,75.3,98.778,104.487,89.358,90.7,92,97.1,94.966,2.5,101.3084145,95.81,96,97.63,93.49,92.97,106.59,102.22
2015/11,111,122,106,105,160,104.3,82.9,238.017,-0.63,51.66999817,"1,344,168.10",1.49,1.631,2.254,2.118,8.064,"482,916.40","1,151.97","1,150.40","677,629.20","681,244.20","681,351.50","686,623.10",0.623,0.01,0.085,0.166,0.14,87.6,85.9,96.4,"1,991.97",27234,62.8,3.6,-0.2,-0.1,94.7,99.9,74.7,96.523,101.396,88.918,90.7,92,96.8,94.786,2.5,101.3033184,95.43,95.69,95.95,87.68,86.81,105.87,94.77
2015/12,113,124,103,105,167,108.1,82.7,237.761,-0.59,57.40000153,"1,346,815.80",1.48,1.635,2.181,2.143,8.085,"490,826.10","1,172.24","1,172.00","690,772.40","708,452.90","686,888.00","697,722.20",0.546,-0.01,0.004,-0.073,0.08,87.7,86.1,95.8,"1,961.31",27348,63,3.5,-0.8,0.2,104.1,99.9,74.1,98.778,104.586,87.599,93.1,91,93.7,95.07,2.5,101.3649117,95.21,95.51,94.92,92.68,90.21,105.73,99.59
2016/01,110,124,107,102,166,106.4,82.7,237.652,-0.79,60.41999817,"1,353,670.70",1.49,1.587,2.025,2.091,8.033,"492,905.10","1,201.67","1,208.40","699,767.30","697,934.80","697,831.80","694,112.00",0.438,0.01,-0.048,-0.156,-0.02,87.8,86.1,95.7,"1,912.06",27281,62.8,3.4,-0.8,0.5,90.5,99.5,73.4,93.045,97.408,92.612,85,90,93.6,95.232,2.5,101.0454156,94.69,95.08,93.46,84.01,79.66,106.24,85.9
2016/02,118,128,97,104,159,106.8,81.9,237.336,-0.73,64.73000336,"1,357,222.60",1.49,1.469,1.826,1.95,7.901,"494,445.90","1,217.35","1,235.40","708,014.00","711,849.40","703,200.70","707,188.00",0.357,0,-0.118,-0.199,-0.11,87.8,86.1,95.9,"1,916.66",27371,63,3.9,0.6,1.2,87.1,99.5,74.6,85.244,91.127,93.404,81.9,90,92.5,95.64,2.5,101.0640089,94.69,94.69,94.93,81.27,74.6,108.73,88
2016/03,119,127,100,100,155,105.6,81.5,238.08,-0.63,61.63999939,"1,361,310.20",1.49,1.507,1.854,1.979,7.952,"498,294.20","1,188.21","1,153.50","713,861.20","723,265.00","711,472.30","722,197.00",0.347,0,0.038,0.028,-0.02,87.8,86.1,95.7,"1,995.85",27279,62.7,3.8,0.5,-0.7,97.8,99.2,74.2,99.342,106.879,92.612,89.2,91,94.1,95.393,2.5,100.2943385,94.63,94.22,95.02,92.62,85.17,109.58,105.16
2016/04,118,121,95,95,158,106.7,77.6,238.992,-0.26,64.94000244,"1,372,906.90",1.49,1.493,1.81,1.94,7.936,"503,768.80","1,147.51","1,143.90","720,818.50","716,065.70","719,357.30","715,769.80",0.317,0,-0.014,-0.044,-0.04,87.8,86.1,95.7,"1,994.15",27232,62.5,3.6,0.5,-0.3,94,99.2,73.5,93.703,100,91.293,87.5,91,96.8,95.573,2.5,100.301114,94.87,94.17,93.28,88.23,82.98,107.63,96.97
2016/05,123,128,107,106,162,109.9,84.9,239.557,-0.71,67.04000092,"1,382,525.00",1.49,1.48,1.787,1.91,7.94,"509,365.10","1,171.51","1,190.60","722,544.40","723,033.80","724,424.80","728,339.60",0.307,0,-0.013,-0.023,-0.04,87.8,86.1,95.7,"1,983.40",27270,62.6,3.6,0.5,-0.3,95.6,99.5,75.3,96.429,101.894,91.645,92.1,91,95.1,95.63,2.4,100.0061274,94.98,94.91,96.51,87.18,83.02,106.94,96.96
2016/06,124,125,104,102,164,110.8,82.4,240.222,-0.28,74.15000153,"1,387,028.00",1.28,1.361,1.617,1.789,7.833,"515,249.60","1,170.50","1,164.70","730,637.80","743,524.40","729,871.50","735,456.80",0.256,-0.21,-0.119,-0.17,-0.12,87.8,86.1,96,"1,970.35",27341,62.7,3.5,0.2,0,99.5,99.7,74.7,98.402,103.091,89.358,88.7,91,94.8,95.611,2.4,99.98146034,95.21,95.28,97.25,88.17,84.97,105.96,99.53
2016/07,121,126,91,95,162,109,77.8,240.101,-0.16,69.80000305,"1,398,400.50",1.23,1.26,1.401,1.65,7.721,"521,200.50","1,144.09","1,125.70","735,172.20","734,947.40","735,348.90","736,924.30",0.141,-0.05,-0.101,-0.216,-0.11,87.9,86.2,96.6,"2,016.19",27404,62.8,3.6,0,-0.1,94.9,99.9,73.8,96.241,100.199,91.205,87.5,91,95.9,95.431,2.4,98.16825028,95.1,94.91,94.55,87.17,84.62,105.18,97.47
2016/08,118,119,97,99,159,107,78.7,240.545,0.1,73.25,"1,407,014.00",1.23,1.265,1.417,1.645,7.725,"527,287.50","1,111.68","1,118.50","738,120.90","747,093.00","743,471.00","757,032.90",0.152,0,0.005,0.016,0.04,87.9,86.2,97.2,"2,034.65",27614,63.3,4,-0.2,0.1,94,100.1,72.3,92.105,96.012,89.886,86.6,91,97.8,95.677,2.4,98.20872067,95.19,94.4,92.87,92.19,89.36,106.37,92.82
2016/09,113,126,104,101,158,104.2,82.7,241.176,-0.29,65.30999756,"1,414,232.00",1.24,1.322,1.512,1.704,7.791,"530,809.00","1,107.49","1,096.30","751,408.50","749,120.00","751,727.10","753,147.40",0.19,0.01,0.057,0.095,0.1,88,86.3,98.1,"2,043.63",27558,63.1,3.9,0,-0.1,94.8,99.9,72.6,92.763,97.507,88.039,89,91,97.8,96.247,2.5,98.10892179,95.41,94.63,93.03,88.99,86.84,106.95,96.64
2016/10,111,127,91,90,157,103.2,76.8,241.741,-0.05,50.93000031,"1,425,102.20",1.23,1.369,1.596,1.781,7.87,"536,140.40","1,125.28","1,145.20","753,367.30","758,454.80","758,726.50","764,639.60",0.227,-0.01,0.047,0.084,0.09,88.2,86.5,98.8,"2,008.19",27553,63,3.8,-0.1,-0.2,97.1,99.8,71.6,98.12,102.393,87.687,93.7,92,96.2,96.379,2.5,100.0181039,95.69,95.25,97.07,90.88,89.16,108.48,98.36
2016/11,117,126,109,107,162,107.3,85.2,242.026,-0.31,45.40999985,"1,435,777.70",1.23,1.511,1.965,2.021,8.128,"542,494.00","1,161.64","1,168.50","762,639.70","767,375.60","765,986.50","774,216.50",0.454,0,0.142,0.369,0.15,88.3,86.7,98.9,"1,983.48",27551,63,3.6,-0.2,-0.2,99,100.1,74.9,102.35,106.78,87.951,94.1,90,96,96.237,2.5,100.4023352,96.12,96.69,99.43,94.3,94.66,106.44,101.2
2016/12,126,131,119,110,164,111.9,89.5,242.637,-0.22,53.79000092,"1,424,149.20",1.22,1.576,2.159,2.162,8.281,"545,839.60","1,182.28","1,208.50","776,589.60","795,531.10","771,523.00","774,658.40",0.583,-0.01,0.065,0.194,0.09,88.4,86.8,98.6,"2,026.46",27591,63.1,3.4,-0.9,0.1,108,100.3,73.3,104.699,110.867,84.872,96.2,89,93.8,96.342,2.5,99.3097162,96.96,97.64,103.61,96.73,96.78,108.21,104.69
2017/01,124,130,121,112,165,111.3,90.3,243.618,0.17,57.22000122,"1,429,377.30",1.24,1.496,2.111,2.104,8.281,"545,880.70","1,185.10","1,157.80","781,441.00","781,226.70","774,379.50","780,370.60",0.615,0.02,-0.08,-0.048,0.03,88.4,86.8,98.3,"2,067.57",27536,62.9,3.4,-0.8,0.5,92.7,100.7,76,94.737,97.707,87.511,90.5,87,96.1,97.366,2.8,99.88133631,98.37,99.51,105.91,93.21,96.35,105.38,90.04
2017/02,128,123,112,112,161,111.5,86.5,244.006,0.15,60.13999939,"1,433,627.60",1.23,1.465,2.163,2.13,8.331,"547,746.00","1,144.92","1,132.10","776,362.50","785,333.00","781,327.40","788,197.50",0.698,-0.01,-0.031,0.052,0.03,88.4,86.8,98.5,"2,091.64",27757,63.3,4,1,1.2,91.8,100.7,74,92.857,97.009,87.335,83.5,88,97.9,97.632,2.7,99.87637207,98.75,99.39,103.66,88.4,92.9,105.67,93.86
2017/03,132,128,116,103,162,113.2,86.5,243.892,0.07,63.90999985,"1,435,859.50",1.23,1.485,2.221,2.208,8.413,"550,692.50","1,134.77","1,116.10","789,187.80","793,893.60","784,659.50","790,965.50",0.736,0,0.02,0.058,0.02,88.4,86.8,98.7,"2,160.23",27716,63.2,3.7,0.5,-0.8,102,100.9,75,104.323,109.571,87.071,92.4,89,100.4,97.565,2.6,100.023686,98.71,99.39,101.44,102.98,109.29,104.71,105.01
2017/04,126,131,113,106,166,112.7,87,244.193,0.01,53.5,"1,445,219.30",1.23,1.467,2.182,2.195,8.411,"553,204.10","1,132.73","1,130.10","791,859.30","793,015.80","789,405.60","792,257.70",0.715,0,-0.018,-0.039,0,88.5,86.8,98.6,"2,205.44",27742,63.2,3.8,0.7,0.1,97.1,101,73.7,97.838,102.293,88.918,90.6,90,100,97.442,2.6,100.0731989,98.5,98.97,101.87,92.22,96.85,106.67,100.38
2017/05,126,129,119,105,164,111.7,87.7,244.004,-0.14,58.47000122,"1,450,375.70",1.23,1.464,2.257,2.216,8.443,"556,528.90","1,125.28","1,123.90","791,074.80","791,486.50","791,500.00","796,579.50",0.793,0,-0.003,0.075,0.05,88.6,86.9,98.9,"2,347.38",27632,62.9,3.5,0.1,-0.6,98.1,101.1,73.7,98.496,102.094,91.557,94,92,100.9,97.546,2.5,100.2920849,98.23,98.75,100.43,95.35,100.71,105.65,97.11
2017/06,131,132,110,95,161,112.4,83.8,244.163,0.09,58.58000183,"1,453,379.50",1.24,1.461,2.165,2.208,8.444,"560,141.50","1,130.04","1,139.60","798,890.20","816,173.70","796,803.00","806,633.40",0.704,0.01,-0.003,-0.092,-0.04,88.8,87.1,99.4,"2,391.79",27699,63.1,3.7,0.2,0.2,101.3,101.1,72.7,99.154,104.387,88.303,90.7,94,100.3,97.338,2.6,100.2011765,97.85,98.35,99.22,98.8,103.45,105.74,101.65
2017/07,132,122,111,89,163,113.4,80.5,244.243,0.09,55.09999847,"1,464,168.80",1.24,1.464,2.252,2.278,8.52,"563,446.40","1,134.40","1,119.10","804,853.40","796,945.20","804,292.70","807,047.10",0.788,0,0.003,0.087,0.06,89,87.3,100.1,"2,402.71",27707,63,3.5,-0.1,-0.4,97.3,101,73.3,98.59,101.496,90.765,91.1,95,99.6,97.499,2.5,100.2840682,97.92,98.13,99.72,96.1,98.92,108.12,100.3
2017/08,130,134,119,100,158,110.9,87.7,245.183,0.39,54.18000031,"1,472,669.70",1.23,1.471,2.287,2.32,8.565,"566,589.70","1,130.79","1,122.80","805,103.30","800,836.10","809,612.10","812,163.50",0.816,-0.01,0.007,0.035,0,89.2,87.5,100.2,"2,363.19",27836,63.3,4,-0.3,0.2,96.3,101.1,73.5,95.207,98.804,91.117,88.7,94,100.7,98.058,2.6,100.2996201,98.37,98.46,101.28,100.76,103.91,108.59,102.88
2017/09,128,133,110,97,162,111.7,84.4,246.435,0.55,55.16999817,"1,482,459.00",1.25,1.481,2.286,2.333,8.576,"570,079.20","1,131.59","1,146.70","810,904.80","837,045.80","816,868.10","822,454.80",0.805,0.02,0.01,-0.001,-0.04,89.3,87.5,100.3,"2,394.47",27818,63.2,3.7,0,-0.3,102.2,101.2,73.4,102.82,107.677,88.215,96.4,94,99.3,98.172,2.6,100.2127196,99.03,99.37,103.07,102.47,107.59,107.83,116.55
2017/10,135,132,123,110,168,116.5,90.5,246.626,0.78,51.56000137,"1,494,961.40",1.24,1.654,2.455,2.574,8.823,"572,997.60","1,131.57","1,125.00","826,892.10","818,030.00","823,958.40","832,018.30",0.801,-0.01,0.173,0.169,0.09,89.4,87.6,100.3,"2,523.43",27808,63.2,3.7,-0.1,-0.1,94.9,101.2,74,93.797,96.61,91.557,94.8,94,102.4,98.077,2.6,100.1282425,99.14,99.81,103.65,91.78,98.01,106.94,95.06
2017/11,127,132,123,103,168,113.5,88.9,247.284,0.81,44.75999832,"1,505,855.20",1.26,1.787,2.54,2.709,8.959,"575,798.60","1,105.04","1,082.40","817,624.50","821,132.30","823,773.20","830,507.20",0.753,0.02,0.133,0.085,0.06,89.6,87.6,100,"2,476.37",27829,63.2,3.7,-0.1,-0.1,101,101.4,73.3,102.82,107.777,91.469,100.1,96,102.4,97.347,2.5,99.29756983,99.04,99.46,103.4,100.34,108.33,106.68,110.33
2017/12,127,127,119,93,168,113.8,84.3,247.805,0.68,18.84000015,"1,504,333.30",1.51,1.833,2.472,2.649,8.909,"578,312.90","1,085.78","1,071.40","830,003.70","849,862.40","827,618.00","829,453.30",0.639,0.25,0.046,-0.068,0.03,89.7,87.7,99.6,"2,467.49",27899,63.3,3.5,-0.8,0.2,107.7,101,70.9,100.94,104.287,92.436,98.9,94,102.3,97.698,2.5,99.34829609,99.09,99.62,102.68,101.72,112.36,104.45,102.72
2018/01,126,131,121,95,160,110.5,86.3,248.859,0.58,35.49000168,"1,512,963.20",1.49,1.839,2.626,2.722,8.985,"579,043.60","1,066.70","1,071.50","830,732.70","828,767.60","832,043.40","836,523.40",0.787,-0.02,0.006,0.154,0.05,89.8,87.8,99.8,"2,566.46",27886,63.3,3.4,-0.7,0.4,97.2,101,73.2,99.812,102.193,94.635,92.4,94,99.7,98.106,2.6,99.75938212,99.5,99.83,103.52,105.65,118.18,104.21,102.12
2018/02,133,133,124,105,166,114.9,90,249.529,0.05,39.27000046,"1,518,460.80",1.49,1.851,2.77,2.815,9.051,"580,327.00","1,079.58","1,071.00","839,555.30","840,023.00","837,872.10","838,704.90",0.919,0,0.012,0.144,-0.01,90,88,100.1,"2,427.36",27787,63,3.8,0.2,0.9,91.3,101.1,73.9,87.782,90.828,94.459,90.1,94,101.2,98.855,2.6,99.72813073,99.92,100.88,103.99,93.55,106.99,101.98,89.6
2018/03,142,132,120,105,173,121.2,88.8,249.577,0.43,40.27000046,"1,525,815.40",1.49,1.875,2.708,2.831,9.051,"582,392.90","1,071.89","1,066.50","840,991.00","851,585.00","837,081.10","838,260.60",0.833,0,0.024,-0.062,-0.01,90.1,88.1,100.2,"2,445.85",27920,63.3,4,1.1,-0.1,101.9,101,72.5,101.88,105.583,94.899,99.7,95,98.1,98.751,2.6,99.64955866,99.88,100.58,104.54,101.06,114.89,102.59,105.74
2018/04,133,131,113,111,165,114.9,88.4,250.227,0.51,42.61000061,"1,534,255.80",1.47,1.873,2.655,2.794,9.013,"583,879.70","1,067.76","1,076.20","841,002.20","836,600.20","838,321.00","842,444.00",0.782,-0.02,-0.002,-0.053,0.02,90.1,88.1,100.2,"2,515.38",27868,63.2,3.8,0.4,-0.4,99.7,100.9,74.8,100,101.595,95.866,96.7,95,100.1,98.931,2.6,99.47248603,100.01,100.61,105.69,99.27,112.88,103.1,102.81
2018/05,130,129,122,108,160,111.8,89.1,250.792,0.37,40.22000122,"1,543,469.70",1.5,1.887,2.757,2.86,9.073,"585,506.00","1,076.39","1,081.30","839,880.50","836,585.20","839,451.80","841,660.70",0.87,0.03,0.014,0.102,0.02,90.1,87.9,99.9,"2,423.01",27815,63,3.8,0.4,-0.1,100.2,100.8,75.5,100.94,104.586,95.075,99.6,95,102.1,98.979,2.6,99.49735419,100.3,101.58,108.8,98.25,114.8,101.28,104.1
2018/06,136,128,117,102,166,116.5,86.3,251.018,0.42,35.79000092,"1,546,960.30",1.49,1.851,2.656,2.805,9.016,"587,660.80","1,092.80","1,121.70","846,240.20","861,938.20","841,788.80","840,678.80",0.805,-0.01,-0.036,-0.101,-0.03,90.1,87.8,99.7,"2,326.13",27778,62.9,3.6,-0.1,-0.3,102.6,100.8,74.5,101.222,103.988,95.339,95.8,94,100.2,98.779,2.6,99.44751844,100.33,102.32,110.17,97.28,115.7,99,101.78
2018/07,133,134,116,101,164,114.4,87.3,251.214,0.43,48.52000046,"1,556,221.90",1.49,1.842,2.549,2.75,8.957,"589,421.20","1,122.80","1,116.70","843,752.80","837,164.20","842,167.40","846,568.40",0.707,0,-0.009,-0.107,-0.02,90.1,87.7,99.6,"2,295.26",27809,62.9,3.8,-0.2,0,100,100.7,74.2,101.88,102.193,96.746,97.5,91,95.9,98.59,2.6,98.04607486,100.8,103.24,111.66,96.82,114.84,99.33,101.86
2018/08,133,131,118,101,154,110.3,87.1,251.663,0.52,52.20000076,"1,568,274.00",1.5,1.83,2.458,2.656,8.846,"592,145.60","1,121.15","1,108.80","837,607.50","833,299.00","841,730.60","843,731.80",0.628,0.01,-0.012,-0.091,-0.08,90.1,87.6,100.8,"2,322.88",28009,63.4,4.6,-0.2,0.3,98.6,100.5,75,99.154,101.595,96.922,95.4,89,97,99.462,2.7,98.01457207,101.25,103.47,111.34,96.28,113.73,99.73,103.44
2018/09,135,135,123,106,164,115.2,90.5,252.182,0.45,61.5,"1,577,303.40",1.54,1.79,2.315,2.403,8.476,"594,816.20","1,120.60","1,112.70","845,523.70","853,227.30","843,040.90","843,686.40",0.525,0.04,-0.04,-0.143,-0.07,90.4,87.9,102.2,"2,343.07",27978,63.2,4.1,0.1,-0.4,97.8,100.2,73,96.147,100.1,93.843,99.3,90,99.5,100.221,2.5,99.44796536,101.54,103.64,113.2,89.77,105.71,100.32,101.62
2018/10,130,131,123,105,163,113.1,89.3,252.772,0.52,59.15999985,"1,590,110.40",1.52,1.853,2.338,2.452,8.515,"597,077.50","1,130.81","1,140.60","840,678.40","840,308.00","845,074.00","848,901.20",0.485,-0.02,0.063,0.023,0.02,90.5,88,102.4,"2,029.69",27970,63.2,4,-0.1,-0.1,102.2,100.1,75.1,105.733,108.774,95.866,101.9,91,95.2,100.041,2.5,99.36807263,101.19,103.9,115.19,104.69,125.16,98.65,108.47
2018/11,130,129,117,109,161,112.3,88.1,252.594,0.44,63.58000183,"1,602,332.90",1.51,1.844,2.209,2.403,8.454,"601,108.90","1,128.58","1,121.80","840,084.90","837,247.60","847,088.20","846,914.10",0.365,-0.01,-0.009,-0.129,-0.03,90.7,87.9,101.6,"2,096.86",28041,63.3,3.8,0,-0.3,101.3,99.9,73.2,103.102,105.783,98.417,103,90,94.1,99.33,2.4,99.30409721,100.49,103.46,109.52,99.93,120.35,95.88,99.8
2018/12,133,129,118,102,169,116.1,87,252.767,0.46,66.31999969,"1,600,280.50",1.77,1.776,1.992,2.304,8.373,"604,487.70","1,122.90","1,118.10","846,123.70","865,851.80","846,513.50","854,445.60",0.216,0.26,-0.068,-0.217,-0.09,90.6,87.8,100.9,"2,041.04",27962,63.1,3.6,-1.2,0.2,108.2,99.8,72.2,101.598,103.789,98.593,102.5,89,94.7,98.988,2.4,99.23564693,100,101.87,105.46,98.32,112.81,98.18,95.24
2019/01,127,131,92,97,155,108.8,79.9,252.561,0.51,73.47000122,"1,607,666.50",1.75,1.733,1.991,2.263,8.343,"605,242.90","1,122.00","1,117.20","847,765.30","853,095.00","851,251.90","862,698.10",0.258,-0.02,-0.043,-0.001,-0.07,90.5,87.5,100.4,"2,204.85",28080,63.4,3.9,-0.3,1.1,98.3,99.9,72.9,99.342,102.293,98.241,96,90,91.9,98.884,2.3,99.43095866,99.89,101.15,105.29,104.45,116.44,99.14,97.03
2019/02,124,133,108,99,158,108.5,84.4,253.319,0.14,73.94999695,"1,614,141.40",1.76,1.76,1.988,2.249,8.329,"606,385.00","1,122.45","1,117.80","855,633.10","859,399.10","855,314.30","856,655.00",0.228,0.01,0.027,-0.003,-0.04,90.4,87.3,99.9,"2,195.44",28080,63.3,3.9,0.4,0.2,89.6,99.4,70,84.305,88.833,98.505,87.5,93,97.4,99.311,2.3,99.34021899,99.99,101.19,107.63,85.32,94.85,99.26,83.71
2019/03,138,131,124,102,156,113.3,88.8,254.277,0.21,75.02999878,"1,617,556.60",1.76,1.769,1.953,2.244,8.318,"608,003.80","1,130.72","1,137.80","862,572.70","879,179.90","859,365.80","867,927.10",0.184,0,0.009,-0.035,-0.04,90.3,87,99.2,"2,140.67",28107,63.3,3.8,0.8,-0.4,101.4,99.3,71.4,99.812,104.985,95.954,101.5,91,96.5,99.121,2.3,99.21681899,100.34,101.96,109.44,94.76,107.1,97.39,96.93
2019/04,133,136,115,100,159,112.3,87.4,255.233,0.02,83.56999969,"1,627,414.00",1.75,1.751,1.889,2.207,8.28,"610,359.10","1,140.95","1,158.20","866,144.10","866,316.20","861,416.70","870,418.90",0.138,-0.01,-0.018,-0.064,-0.06,90.1,86.7,99,"2,203.59",28125,63.3,4.1,0.5,0.1,100.8,99.1,73.7,100.752,102.193,99.296,98.2,93,97.8,99.481,2.1,99.18809609,100.63,102.51,111.37,101.48,115.32,96.72,98.55
2019/05,134,135,130,112,151,110,93.5,255.296,-0.61,66.18000031,"1,637,077.70",1.75,1.711,1.828,2.153,8.224,"612,316.80","1,183.29","1,190.00","866,643.40","867,518.30","866,212.20","872,104.60",0.117,0,-0.04,-0.061,-0.05,89.9,86.4,98.8,"2,041.74",28083,63.2,3.9,0.4,-0.4,102.1,99.4,73.1,102.068,103.589,100.264,103.2,91,94.2,99.652,2.2,99.20415642,100.74,103.57,113.74,97.3,111.48,95.16,94.43
2019/06,131,134,121,104,160,111.9,89.3,255.213,-0.46,75.20999908,"1,643,100.40",1.76,1.56,1.618,2.004,8.097,"614,818.20","1,175.62","1,156.80","873,802.80","891,883.50","868,302.80","871,148.00",0.058,0.01,-0.151,-0.21,-0.19,89.8,86.2,99.2,"2,130.62",28149,63.3,3.9,0.2,0,102,99.4,72.9,99.342,101.496,97.801,97,91,94.8,99.491,2.1,99.17705587,100.46,103.01,109.52,90.9,103.26,94.39,89.89
2019/07,131,137,122,106,156,110.7,90.5,255.802,-0.44,88.15000153,"1,648,646.70",1.63,1.478,1.506,1.885,7.989,"618,163.60","1,175.31","1,182.00","875,495.70","870,347.50","872,248.00","879,442.40",0.028,-0.13,-0.082,-0.112,-0.1,89.7,86,99.6,"2,024.55",28170,63.3,3.9,-0.2,-0.1,101.4,99.5,75.4,103.947,103.689,103.342,97,91,92,99.187,2.1,98.03832626,100.46,102.39,110.39,101.28,111.8,96.49,98.37
2019/08,127,123,104,93,146,105.3,79.9,256.036,-0.28,95.72000122,"1,659,345.10",1.51,1.186,1.254,1.689,7.791,"622,183.70","1,208.98","1,215.20","877,062.90","884,436.30","880,097.40","889,070.00",0.068,-0.12,-0.292,-0.252,-0.17,89.7,85.8,99.9,"1,967.79",28155,63.2,3.6,-0.7,-0.9,99.2,99.6,73.7,97.086,100.299,101.055,97.9,90,91.2,99.425,2,98.09449944,100.69,103.26,111.17,97.83,108.39,95.13,92.83
2019/09,131,128,109,98,150,108.5,83.4,256.43,0.15,100.2799988,"1,669,791.40",1.52,1.228,1.42,1.792,7.894,"625,423.30","1,197.55","1,201.30","887,411.70","893,504.40","884,266.70","892,160.40",0.192,0.01,0.042,0.166,0.04,89.7,85.8,100.3,"2,063.05",28175,63.2,3.5,0.2,0.1,99,99.7,75.1,98.214,100.499,99.56,100.4,92,94.2,99.794,1.8,99.39373743,100.75,102.81,110.89,91.23,99.69,96.33,95.41
2019/10,134,134,108,96,160,113.2,84.2,257.155,0.1,104.6900024,"1,687,139.00",1.35,1.298,1.577,1.861,7.97,"629,655.50","1,184.13","1,168.40","885,065.70","886,110.50","889,583.60","894,589.80",0.279,-0.17,0.07,0.157,-0.01,89.8,85.9,100.8,"2,083.48",28269,63.4,3.5,0.1,-0.1,102.9,99.8,74.3,105.357,106.381,99.912,102.7,92,93.1,100.041,1.7,99.52971844,100.51,102.39,108.3,97.99,107.22,95.36,99.93
2019/11,134,131,116,105,156,111.6,87.3,257.879,0.17,105.7600021,"1,700,073.00",1.28,1.386,1.75,2.002,8.112,"633,098.00","1,167.45","1,179.30","898,607.60","915,037.90","906,836.20","920,198.00",0.364,-0.07,0.088,0.173,-0.05,90,86.1,101.7,"2,087.96",28323,63.5,3.6,0,0.1,103.4,99.6,72.6,104.793,104.487,100,105.9,92,94.5,99.481,1.7,99.45746369,100.37,101.83,107.27,95.71,103.93,95.5,96.88
2019/12,137,131,120,106,164,115.5,88.9,258.63,0.05,98.62000275,"1,698,612.90",1.28,1.35,1.653,1.948,8.059,"633,745.40","1,175.84","1,157.80","927,098.50","952,922.80","928,407.70","938,917.10",0.303,0,-0.036,-0.097,0,90.3,86.5,102.8,"2,197.67",28477,63.8,3.5,-0.7,0.3,112.9,100.1,74.7,108.177,108.873,96.042,107.4,92,95,99.719,1.7,99.43786145,100.65,102.17,108.99,102.97,111.7,95.5,99.77
2020/01,134,133,121,110,163,114.4,90.5,258.906,0.07,89.55000305,"1,708,763.30",1.27,1.316,1.656,1.955,8.068,"634,283.00","1,164.28","1,183.50","945,103.80","944,941.30","944,306.40","954,889.80",0.34,-0.01,-0.034,0.003,0.06,90.6,86.9,103.5,"2,119.01",28588,64,3.6,-0.3,0.7,98.2,100.3,73.2,94.9,95,102.4,100.3,93,97.6,100.09,1.8,99.96936313,101.02,102.44,108.1,100.21,109.72,94.18,89.3
2020/02,141,133,127,111,157,114.8,92.1,259.246,1.26,79.48999786,"1,717,155.80",1.24,1.214,1.54,1.847,7.971,"635,282.90","1,193.79","1,215.90","957,889.60","985,115.10","967,192.60","981,815.70",0.326,-0.03,-0.102,-0.116,0.01,90.9,87.2,104.8,"1,987.01",28455,63.7,3.4,0,0,94.3,99.6,69.7,92.5,93.3,102.1,87.9,91,89.7,100.16,1.7,99.77369832,100.69,102.78,106.55,86.52,94.8,93.36,87.75
2020/03,128,124,83,112,141,103.7,79.7,258.15,2.6,86.52999878,"1,746,398.90",0.98,1.03,1.485,1.84,8.005,"639,598.10","1,220.09","1,222.60","988,826.30","1,007,631.70","986,326.10","999,624.40",0.455,-0.26,-0.184,-0.055,-0.04,91.4,87.9,105.6,"1,754.64",27885,62.4,3.9,-0.4,0.1,102,98.4,73.1,105.8,108.4,99.2,94.5,83,68.5,99.94,1.7,99.63452514,99.8,101.68,100.85,102.34,107.93,94.42,103.33
2020/04,106,126,58,96,86,74.3,70.1,256.126,3.29,80.55000305,"1,779,351.10",0.74,0.893,1.504,2.145,8.367,"644,393.00","1,225.23","1,225.20","1,012,290.10","1,017,011.80","1,005,472.20","1,019,715.80",0.611,-0.24,-0.137,0.019,0.1,91.6,88.3,105.6,"1,947.56",27592,61.7,3.9,-0.2,0,95.3,97.3,69.7,95.4,94.7,101.5,94.9,77,61.4,99.5,1.7,99.61543017,98.93,99.41,95.15,99.92,97.43,99.56,88.05
2020/05,107,117,58,88,105,82.3,65.9,255.848,2.5,80.26000214,"1,799,569.00",0.7,0.779,1.394,2.179,8.44,"646,587.40","1,228.67","1,239.40","1,034,074.10","1,053,861.30","1,032,477.60","1,052,056.50",0.615,-0.04,-0.114,-0.11,-0.06,91.7,88.4,106.4,"2,029.60",27817,62.2,4.4,1,0.3,95.8,96.4,63.6,91.5,90.3,102.7,103,79,63.6,99.44,1.6,99.47718436,98.96,98.25,98.97,96.88,88.84,104.66,88.45
2020/06,110,132,67,90,115,87.1,72.3,257.004,2.26,77.05000305,"1,805,731.60",0.48,0.719,1.392,2.218,8.515,"648,637.70","1,210.01","1,200.70","1,060,079.80","1,089,940.00","1,051,729.20","1,066,815.90",0.673,-0.22,-0.06,-0.002,-0.03,92.1,88.9,108.5,"2,108.33",27884,62.3,4.2,0.2,-0.2,102.3,96.5,68.5,98.7,99.6,100.3,101.7,84,68.2,99.71,1.6,99.44083799,99.47,98.96,101.41,97.13,91.86,103.2,96.89
2020/07,108,123,60,80,106,82.8,65.9,258.408,2.96,75.66999817,"1,819,923.20",0.48,0.689,1.36,2.219,8.544,"650,528.70","1,198.90","1,191.40","1,076,665.60","1,076,194.20","1,070,644.50","1,086,030.50",0.671,0,-0.03,-0.032,-0.04,92.7,89.7,110.9,"2,249.37",27949,62.4,4.1,-0.1,-0.3,99,96.6,69.8,100.5,99.3,103.2,97.8,85,76.7,99.63,1.7,97.2538324,99.69,99.55,100.57,102.42,99.82,101.02,102.01
2020/08,108,127,65,81,106,82.9,68.5,259.366,1.48,76.77999878,"1,837,915.60",0.5,0.671,1.373,2.192,8.542,"655,593.20","1,186.85","1,185.10","1,087,250.70","1,091,858.30","1,089,197.10","1,101,519.00",0.702,0.02,-0.018,0.013,-0.06,93.1,90.3,112.2,"2,326.17",27911,62.3,3.7,-0.7,-0.9,95.3,97,70.4,94.2,93.1,103.9,99.9,85,82.9,100.19,1.8,97.4670838,100.18,99.81,99.49,93.48,91.39,101.53,95.43
2020/09,113,127,83,92,114,87.8,75.6,259.951,0.62,68.08999634,"1,852,162.60",0.48,0.705,1.5,2.239,8.59,"661,496.10","1,178.80","1,173.50","1,110,397.10","1,137,817.10","1,112,458.40","1,123,937.70",0.795,-0.02,0.034,0.127,0.05,93.5,90.8,113.2,"2,327.89",27929,62.3,4.1,0.1,0.5,101.7,97.4,73.7,106.2,107.3,97.7,107,81,77.4,100.74,1.9,98.62305028,100.38,99.9,98.37,101.68,99.8,101.79,114.44
2020/10,113,129,88,100,109,85.9,79.2,260.249,0.11,70.63999939,"1,873,103.10",0.51,0.68,1.507,2.239,8.598,"667,676.20","1,144.68","1,133.40","1,130,987.60","1,133,457.90","1,128,857.20","1,150,259.00",0.827,0.03,-0.025,0.007,0.03,93.8,91.2,114.7,"2,267.15",28046,62.5,4.2,0.2,0.1,99.5,97.8,73.6,102.5,102.8,96.9,102.6,86,88.6,100.18,1.8,94.66567598,99.98,98.96,96.2,102.28,100.16,102.67,107.79
2020/11,111,122,75,85,114,87,70.5,260.895,0.75,81.80000305,"1,893,044.70",0.49,0.7,1.61,2.247,8.636,"673,694.60","1,116.76","1,104.40","1,139,632.40","1,156,045.00","1,150,685.70","1,170,430.90",0.91,-0.02,0.02,0.103,0.09,94.3,91.9,117.4,"2,591.34",28178,62.8,4.1,0.1,-0.3,102.7,98.4,73.4,105.9,105.6,95.6,104.5,89,91.7,100.09,1.8,98.17301676,100.06,98.75,96.19,104.46,103.35,103.05,110.42
2020/12,114,122,76,100,119,90,74.6,262.005,1.67,83.62999725,"1,893,716.20",0.51,0.719,1.675,2.211,8.619,"679,641.60","1,095.13","1,088.00","1,164,720.10","1,197,828.90","1,168,570.20","1,183,794.10",0.956,0.02,0.019,0.065,0.03,95.2,93.1,120.2,"2,873.47",28029,62.4,4.2,-1.2,0.7,113.9,98.5,74.3,111.9,110.6,94.5,105.9,86,85.5,100.33,1.8,98.47071508,100.84,99.49,98.16,113.25,114.91,102.71,116.94
2021/01,109,121,87,88,115,86.7,74,262.518,1.31,90.79000092,"1,911,098.60",0.49,0.695,1.731,2.143,8.543,"683,967.60","1,097.49","1,114.60","1,183,360.40","1,189,601.00","1,194,783.70","1,206,644.90",1.036,-0.02,-0.024,0.056,0.04,95.9,94.1,123.3,"2,976.21",27917,62.1,4.8,-0.7,1.6,98,98.1,72.5,104.5,103.3,97.4,101.4,86,92.6,101.04,1.8,98.70663687,101.96,101.23,101.79,108.85,114.99,100.69,103.05
2021/02,110,118,83,82,113,86.2,70.7,263.583,1.93,75.95999908,"1,926,681.10",0.49,0.671,1.845,2.055,8.439,"691,012.60","1,111.72","1,108.40","1,206,555.60","1,232,022.50","1,211,839.50","1,225,079.10",1.174,0,-0.024,0.114,0.03,96.8,95.4,125.5,"3,012.95",28130,62.5,4.1,0.7,-0.8,94.5,98.2,75.7,96,94.7,98.5,96.7,87,96.5,101.58,2,98.64985475,102.8,102.85,106.28,100.48,109.67,99.42,96.99
2021/03,112,118,108,94,128,93,79.7,264.91,2.25,71.65000153,"1,937,175.10",0.49,0.684,2.04,2.091,8.459,"696,280.00","1,131.02","1,133.50","1,231,321.10","1,255,129.80","1,229,454.20","1,246,112.90",1.356,0,0.013,0.195,0.07,97.5,96.4,127.2,"3,061.42",28229,62.7,3.9,0.9,-0.6,108.3,98.5,74.3,112.1,111.8,95.6,107.3,89,101.4,101.84,2.1,98.69259218,103.89,104.89,109.97,113.76,128.65,97.77,110.62
2021/04,126,124,115,93,126,97.2,82.7,266.752,2.74,75.84999847,"1,960,962.00",0.48,0.659,2.041,1.983,8.351,"697,883.70","1,119.40","1,107.40","1,257,170.10","1,254,414.80","1,249,604.40","1,260,465.00",1.382,-0.01,-0.025,0.001,0,98.2,97.4,128.8,"3,147.86",28229,62.7,3.8,0.5,-0.3,103.7,99.4,73.3,106.8,105.4,96.2,107,92,105.6,101.98,2.1,98.63482682,104.88,105.97,109.72,113.08,130.93,98.96,105.24
2021/05,120,113,110,93,111,89.4,78.8,268.452,3.02,78.26000214,"1,963,575.10",0.48,0.611,2.131,1.891,8.259,"699,668.60","1,123.28","1,116.00","1,264,219.80","1,266,129.20","1,261,259.90","1,267,039.60",1.52,0,-0.048,0.09,-0.04,98.9,98.3,131.1,"3,203.92",28297,62.8,3.8,0.7,0,103.1,99.5,72.6,104.5,102.8,96.1,110.5,93,105.5,102.05,2.2,98.63501676,105.45,106.6,112.98,106.57,123.88,100.19,103.98
2021/06,117,119,119,97,112,88.6,83.5,270.664,2.75,83.16999817,"1,971,439.50",0.51,0.798,2.103,1.913,8.29,"702,662.50","1,121.30","1,130.00","1,285,488.70","1,302,242.00","1,273,860.00","1,274,294.80",1.305,0.03,0.187,-0.028,0.05,100,100,134.1,"3,296.68",28324,62.8,3.7,0,-0.2,109.8,99.5,73.5,110.7,108.1,93.5,107.1,93,109.6,102.05,2.3,98.66509497,106.01,107.63,116.05,107.9,128.88,99.33,107.83
2021/07,116,120,109,88,102,84.5,79,271.994,2.93,81.93000031,"1,992,402.00",0.53,0.91,1.976,1.888,8.245,"709,178.10","1,143.98","1,147.40","1,296,969.00","1,292,206.20","1,287,187.30","1,294,514.20",1.066,0.02,0.112,-0.127,0.07,100.9,101.2,137.4,"3,202.32",28265,62.7,3.3,-0.3,-0.6,104.1,99.4,74.5,110.6,105.2,98.9,108.9,91,104.2,102.26,2.3,97.56453631,107.04,109.73,120.23,111.79,137.89,97.77,105.95
2021/08,109,111,74,75,94,78.5,65.1,272.789,3.28,76.98999786,"2,005,346.50",0.56,1.001,1.905,1.838,8.17,"715,545.40","1,160.34","1,164.40","1,304,432.60","1,314,565.40","1,305,000.10","1,322,385.40",0.904,0.03,0.091,-0.071,0.07,101.8,102.6,140.7,"3,199.27",28289,62.7,3.2,-0.6,-0.6,101.4,99.5,74.9,105.2,98.6,103.5,107.1,91,105.4,102.75,2.4,97.58499441,107.6,110.87,121.79,106.13,132.72,96.5,100.77
2021/09,116,112,84,76,90,80.1,68.1,273.887,3.35,81.54000092,"2,020,839.20",0.77,1.073,2.061,1.953,8.197,"721,956.20","1,169.54","1,184.90","1,328,615.10","1,335,457.00","1,321,425.50","1,331,020.10",0.988,0.21,0.072,0.156,0.13,102.8,103.8,143.4,"3,068.82",28325,62.8,3,0.2,0.1,104.5,99.4,74.2,106.3,102,101.7,113.9,91,104.9,103.17,2.4,98.82894972,108,111.35,124.58,107.04,133.6,97.24,106.7
2021/10,115,112,81,78,85,77.7,67.9,276.434,3.88,77.91000366,"2,037,461.70",0.74,1.178,2.399,2.302,8.376,"727,403.70","1,182.82","1,171.70","1,334,024.40","1,333,677.00","1,338,091.30","1,340,627.10",1.221,-0.03,0.105,0.338,0.25,103.7,105,144.8,"2,970.68",28421,63,3.2,0.2,0.1,105.3,99.6,74.6,109.3,103.6,104.4,114.5,92,106.2,103.35,2.4,99.02831285,109.12,113.09,131.11,109.31,139.29,96.1,103.82
2021/11,110,106,73,73,79,73.6,63.5,278.799,4.29,73.55000305,"2,050,751.00",0.796,1.339,2.355,2.492,8.374,"731,633.90","1,182.91","1,193.40","1,340,634.60","1,342,150.10","1,353,730.70","1,357,374.10",1.016,0.056,0.161,-0.044,0.25,104.3,105.9,143.9,"2,839.01",28455,63,3.1,-0.1,-0.2,109.2,99.9,75.5,113.7,109.2,105.1,114.5,92,107,103.87,2.7,99.06306145,109.9,114.66,129.82,111.84,147.64,92.75,105.02
2021/12,109,110,80,83,82,74.2,68.3,280.808,4.39,74.95999908,"2,050,701.60",1.012,1.32,2.187,2.41,8.263,"734,478.60","1,183.70","1,185.50","1,346,579.70","1,372,336.60","1,353,134.60","1,359,681.80",0.867,0.216,-0.019,-0.168,0.12,104.6,106.2,142.2,"2,977.65",28649,63.4,3.4,-0.5,0.9,123.6,100.7,79.4,122.3,115.6,106.1,117.9,91,105,104.04,2.6,99.15589944,109.88,114.62,127.23,119.93,158.09,92.05,109.81
2022/01,106,114,67,75,79,72,64.1,282.39,3.7,88.15000153,"2,062,119.20",1.188,1.422,2.492,2.632,8.506,"736,612.20","1,194.01","1,202.40","1,352,771.60","1,344,918.20","1,362,436.10","1,364,151.30",1.07,0.176,0.102,0.305,0.22,104.7,106.3,141.4,"2,663.34",28706,63.5,3.4,-0.4,0.6,104.8,101.1,79.4,110.8,105.3,106.4,111.3,91,106,104.85,2.6,99.71472626,111.04,115.18,132.86,121.03,155.81,93.69,103.82
2022/02,96,102,66,68,78,68.2,59.4,284.535,2.79,95.72000122,"2,066,672.90",1.219,1.48,2.69,2.873,8.724,"737,710.40","1,198.34","1,202.70","1,346,701.70","1,364,398.30","1,362,037.60","1,376,181.90",1.21,0.031,0.058,0.198,0.03,104.8,106.3,141.1,"2,699.18",28848,63.8,2.8,0.5,-0.7,99.3,101.3,77.6,103,98.2,107.6,101,90,106.3,105.42,2.7,99.66755307,111.57,116.56,138.93,104.26,138.78,91.98,95.72
2022/03,93,93,51,72,80,67.2,54.3,287.553,2.83,100.2799988,"2,074,329.40",1.244,1.586,2.784,3.028,8.858,"738,759.90","1,221.03","1,210.80","1,370,237.50","1,381,077.50","1,369,667.10","1,370,279.00",1.198,0.025,0.106,0.094,-0.04,104.8,106.2,141.7,"2,757.65",28742,63.6,2.8,0.6,-0.4,113.1,101,77.9,118.2,112.4,104,115.4,90,103.9,106.1,2.9,99.20902793,113.27,119.46,149.45,119.88,165.76,91.76,110.04
2022/04,98,110,62,77,80,69.4,62.5,288.764,3.52,104.6900024,"2,087,389.20",1.299,2.002,3.219,3.631,9.471,"741,116.50","1,232.34","1,269.40","1,377,050.80","1,380,658.00","1,369,390.40","1,379,142.20",1.217,0.055,0.416,0.435,0.06,104.8,106.2,142.3,"2,695.05",28837,63.8,2.8,0.7,0,109.9,100.6,76.3,112.5,105.6,105.8,114,92,106.3,106.83,3.1,100.0866816,115.1,122.65,148.6,107.22,155.99,88.44,95.57
2022/05,91,107,46,66,71,63.3,55.2,291.359,2.73,,"2,102,225.00",1.505,2.049,3.295,3.775,9.618,"741,250.80","1,269.88","1,245.80","1,374,671.30","1,386,374.80","1,371,920.90","1,386,220.50",1.246,0.206,0.047,0.076,0,104.8,106.1,141,"2,685.90",28966,64,2.9,0.9,0,111.4,100.7,75,113.7,108.4,105.9,119,89,107.2,107.5,3.3,100.6871285,115.92,123.9,154.23,113.51,163.51,89.98,100.78
2022/06,72,95,35,57,65,53.8,47.5,294.996,2.41,105.7600021,"2,110,428.80",1.745,2.599,3.64,4.233,10.08,"743,743.80","1,277.35","1,292.90","1,386,071.50","1,401,276.60","1,371,865.30","1,365,547.20",1.041,0.24,0.55,0.345,0.14,104.8,106,140.1,"2,332.64",28953,64,2.9,0,0,114.7,100.8,76.3,113.8,105,109.8,114.3,87,103.1,108.21,3.9,100.7753631,116.57,124.93,155.09,106.61,155.23,89.42,94.74
2022/07,75,96,34,56,73,58.1,47.3,294.977,1.81,98.62000275,"2,121,837.30",1.971,2.958,3.3,4.126,9.976,"745,017.40","1,307.40","1,304.00","1,366,219.80","1,344,145.60","1,353,904.80","1,346,403.90",0.342,0.226,0.359,-0.34,0.12,104.8,105.8,136.5,"2,451.50",28997,64.1,2.9,-0.1,-0.1,109.6,101,75.2,111.2,104.2,114.4,115.4,81,98.2,108.73,4.7,100.7181899,116.9,125.81,151,116.43,168.97,86.82,96.93
2022/08,80,107,54,69,69,58.6,58,295.209,1.51,89.55000305,"2,130,684.50",2.263,2.987,3.322,4.227,10.078,"746,966.40","1,318.44","1,347.50","1,336,447.00","1,324,559.10","1,335,199.00","1,331,914.10",0.335,0.292,0.029,0.022,0.19,104.5,105.3,133.6,"2,472.05",28940,63.9,2.6,-0.7,-0.8,107.8,101.4,73.2,104.5,101.5,112.6,116.7,83,99.5,108.63,4.3,100.7376648,116.45,124.41,149.68,122.76,170.77,88.12,97.15
2022/09,80,105,59,66,73,59.7,58,296.341,1.01,79.48999786,"2,140,254.90",2.533,3.287,3.897,4.9,10.756,"748,963.90","1,391.59","1,434.80","1,322,918.40","1,316,348.60","1,315,244.60","1,311,908.50",0.61,0.27,0.3,0.575,0.44,103.9,104.5,130.8,"2,155.49",28974,64,2.8,0.1,0.3,109.2,101.3,72.6,104.6,104.5,108,118.3,85,98.3,108.82,4.2,101.9786257,116.53,125.56,154.7,115.62,157.88,87.6,99.95
2022/10,78,106,48,69,90,65.6,56.2,297.863,1.12,86.52999878,"2,158,295.50",2.959,3.602,4.267,5.436,11.288,"751,143.40","1,426.66","1,419.30","1,287,865.70","1,265,463.10","1,290,626.20","1,278,886.10",0.665,0.426,0.315,0.37,0.03,103.1,103.2,126.4,"2,293.61",28984,64,2.8,0.1,0,109.4,101.2,70.6,105.8,104.9,109.1,120,83,95.4,109.16,4.3,103.9841899,117.13,125.97,156.5,115.18,153.04,88.89,93.05
2022/11,77,106,49,65,73,58.7,55.5,298.648,1.26,80.55000305,"2,173,145.20",3.096,3.838,3.915,5.487,11.331,"752,309.00","1,364.10","1,331.50","1,249,905.70","1,233,550.70","1,261,680.90","1,249,356.90",0.077,0.137,0.236,-0.352,-0.08,101.7,101.1,121.5,"2,472.53",29002,64,2.7,-0.1,-0.1,112,100.7,70.5,107.5,104.1,113.3,118.3,83,91.6,109.07,4.2,103.9576425,116.75,123.98,147.92,116.05,152.49,88.09,93.45
2022/12,76,107,61,71,77,59.6,60,298.812,1.33,80.26000214,"2,165,861.10",3.235,3.705,3.541,5.302,11.173,"754,831.10","1,296.22","1,267.30","1,225,205.60","1,236,983.30","1,232,093.70","1,221,794.60",-0.164,0.139,-0.133,-0.374,-0.11,99.7,98.2,118.1,"2,236.40",29053,64.1,3,-0.9,0.7,126,100.2,68.8,109.2,109.9,110.4,120.3,83,91.9,109.26,3.8,104.0581676,116.27,121.86,138.28,118.62,154.27,87.46,97.73
2023/01,89,112,59,77,87,68.5,62.6,300.356,1.09,,"2,168,698.30",3.269,3.584,3.411,4.704,10.788,"754,332.70","1,247.25","1,228.70","1,199,524.30","1,176,453.00","1,206,069.90","1,199,095.90",-0.173,0.034,-0.121,-0.13,-0.05,98.2,96.1,117.2,"2,425.08",29029,64,2.9,-0.7,0.6,103.1,99.8,71,96.9,96.9,118,115.1,82,90.4,110.07,3.9,105.5310056,116.69,120.69,135.29,119.72,152.78,88.72,85.72
2023/02,91,111,67,79,90,70.7,64.5,301.509,-0.22,77.05000305,"2,170,233.00",3.425,3.528,3.45,4.274,10.631,"753,305.40","1,270.74","1,317.40","1,179,712.10","1,192,586.70","1,198,152.20","1,197,938.90",-0.078,0.156,-0.056,0.039,-0.02,97.1,94.5,118.3,"2,412.85",29108,64.2,2.6,0.5,-0.5,103.4,100,68.9,96.4,98,117.6,105.6,82,91.5,110.33,4,105.5675866,116.91,121.51,137.95,111.23,142.82,87.73,92.09
2023/03,88,104,58,73,82,66.3,59.2,301.744,-1.14,75.66999817,"2,171,145.40",3.425,3.452,3.448,4.184,10.595,"750,175.60","1,305.73","1,303.80","1,191,877.30","1,206,808.30","1,193,000.30","1,200,270.70",-0.004,0,-0.076,-0.002,-0.16,96.3,93.5,119.5,"2,476.86",29182,64.3,2.7,1,-0.2,115.6,100.3,71.8,111.2,112.2,114,118.9,83,91.7,110.52,3.9,105.5072514,117.05,122.52,139,119.66,154.62,87.05,101.58
2023/04,84,105,60,76,91,68.5,60.6,303.032,-1.31,76.77999878,"2,177,578.10",3.467,3.254,3.319,4.072,10.458,"747,879.50","1,320.01","1,339.90","1,193,633.40","1,192,043.90","1,187,667.60","1,191,721.50",0.065,0.042,-0.198,-0.129,-0.16,95.9,92.9,120.4,"2,501.53",29139,64.2,2.6,0.3,-0.1,108.6,100.5,71.1,103,99.8,121.8,114.3,87,94.2,110.77,3.7,105.4432961,116.96,122.26,139.58,105.6,134.1,87.96,91.72
2023/05,85,104,49,65,82,65.1,55.1,303.365,-1.56,68.08999634,"2,187,357.90",3.57,3.416,3.402,4.139,10.524,"749,816.80","1,328.21","1,322.20","1,185,248.80","1,187,120.70","1,181,414.40","1,183,543.90",-0.014,0.103,0.162,0.083,-0.03,95.7,92.7,121.2,"2,577.12",29204,64.4,2.6,0.9,-0.1,110.8,100.6,73.2,107.5,105.3,122.6,119.8,88,94.6,111.13,3.5,105.9757654,116.53,122.03,135.35,110.04,139.43,87.27,97.71
2023/06,85,107,63,73,92,68.9,61.1,304.003,-1.09,70.63999939,"2,197,685.50",3.566,3.511,3.611,4.356,10.744,"753,906.80","1,296.71","1,312.80","1,191,342.60","1,223,610.20","1,179,434.10","1,193,753.00",0.1,-0.004,0.095,0.209,0.05,95.6,92.7,122,"2,564.28",29203,64.3,2.6,0,0,115.8,100.5,71.7,108.7,110,112.6,116.2,89,96.1,111.16,3.5,106.6288939,116.27,120.36,130.16,111.17,136.5,89.22,102.02
2023/07,96,113,73,86,101,76.5,68.3,304.628,-0.91,81.80000305,"2,210,386.90",3.51,3.57,3.681,4.437,10.829,"757,335.50","1,286.30","1,280.00","1,199,528.20","1,183,675.70","1,187,260.30","1,190,274.50",0.111,-0.056,0.059,0.07,0.02,95.7,92.7,122.8,"2,632.58",29177,64.3,2.8,-0.3,0,108.8,100.1,70,103.7,99.4,119,113.1,91,94.5,111.29,3.3,105.6044469,116.53,119.91,130.43,104.11,125.63,90.85,98.44
2023/08,93,115,70,76,102,75.5,65.4,306.187,-1.06,83.62999725,"2,222,860.50",3.538,3.496,3.86,4.5,10.91,"760,850.70","1,318.47","1,321.40","1,187,433.00","1,185,938.90","1,184,979.00","1,191,099.40",0.364,0.028,-0.074,0.179,0.03,95.8,93,123.8,"2,556.27",29158,64.2,2.5,-0.6,-0.7,109.7,100,73.3,105.9,100.5,122.9,113.7,91,94.4,112.28,3.3,106.0496201,117.5,121.49,135.83,107.79,130.89,91.48,100.99
2023/09,86,110,73,79,96,71.1,65.7,307.288,-0.64,90.79000092,"2,238,147.80",3.596,3.61,3.949,4.602,11.022,"764,776.00","1,329.47","1,344.80","1,190,316.90","1,215,061.60","1,184,088.00","1,193,923.70",0.339,0.058,0.114,0.089,0.04,96,93.3,124.6,"2,465.07",29236,64.4,2.6,0.2,0.3,112.5,99.8,73.6,109.6,108.1,115,120.5,89,93.1,112.85,3.3,107.3784022,118.03,122.49,139.83,106.78,131.46,91.11,105.4
2023/10,79,101,61,74,102,70.6,59.3,307.531,-0.35,,"2,253,613.60",3.517,3.741,4.272,4.827,11.222,"768,630.90","1,350.69","1,352.80","1,195,109.20","1,189,702.30","1,194,644.60","1,208,476.60",0.531,-0.079,0.131,0.323,0.21,96.2,93.5,124.3,"2,277.99",29248,64.3,2.5,0.1,-0.2,111,99.9,72.6,107.9,103.2,116.1,118.8,88,92.1,113.27,3.4,107.7281229,117.86,123.29,141.07,109.21,136.93,89.48,100.72
2023/11,84,106,57,63,92,68.3,56.8,308.024,0.18,75.95999908,"2,266,755.90",3.572,3.722,3.89,4.583,10.978,"773,698.00","1,310.39","1,289.00","1,188,286.00","1,199,820.80","1,198,966.90","1,215,584.50",0.168,0.055,-0.019,-0.382,-0.08,96.3,93.6,123.3,"2,535.29",29293,64.4,2.8,-0.1,0.2,114.5,99.9,73,114.1,109.1,115.3,121.3,87,91.5,112.68,3.4,107.7101453,117.41,121.98,135.04,106.86,133.42,88.92,105.33
2023/12,88,112,73,84,100,73.3,67.4,308.742,-0.15,71.65000153,"2,266,468.80",3.639,3.516,3.415,4.076,10.529,"777,710.20","1,303.98","1,289.40","1,211,414.30","1,246,196.40","1,217,748.80","1,231,938.80",-0.101,0.067,-0.206,-0.475,-0.32,96.2,93.4,122.3,"2,655.28",29425,64.7,3.2,-0.8,1,126.5,99.8,72,116.1,114.3,108.1,122.3,88,91.4,112.73,3.2,107.7270726,117.56,121.75,132.89,109.99,136.1,89.03,106
2024/01,100,122,93,94,111,81.9,77.1,309.685,-0.32,75.84999847,"2,275,754.90",3.47,3.384,3.353,4.013,10.453,"782,854.40","1,323.57","1,330.60","1,204,441.40","1,194,126.40","1,221,110.00","1,223,535.40",-0.031,-0.169,-0.132,-0.062,-0.17,96,93.2,122.3,"2,497.09",29466,64.7,3,-0.5,0.4,110.5,99.9,72.1,109.4,105.4,111.6,113.7,89,91.5,113.17,3,108.3406816,118.19,122.43,136.27,114.64,140.62,90.95,103.36
2024/02,98,116,93,92,106,79.4,75.2,311.054,-0.18,78.26000214,"2,286,010.80",3.582,3.434,3.429,4.053,10.44,"786,666.70","1,331.74","1,334.00","1,208,167.10","1,231,111.70","1,217,657.30","1,233,052.50",-0.005,0.112,0.05,0.076,-0.03,95.9,93,122.4,"2,642.36",29463,64.7,2.6,0.3,-0.5,105.3,100.1,74.6,100.8,97.1,114.1,110,90,93.3,113.78,3,108.2951732,118.55,122.98,137.63,100.32,123.51,91.34,99.69
2024/03,104,122,95,94,109,82.5,77.4,312.23,-0.34,83.16999817,"2,295,440.40",3.467,3.374,3.39,3.944,10.21,"785,987.60","1,330.69","1,346.80","1,242,708.50","1,275,823.20","1,244,401.20","1,263,441.20",0.016,-0.115,-0.06,-0.039,-0.02,95.8,92.9,122.6,"2,746.63",29402,64.6,2.8,0.7,-0.2,115.7,99.8,71.4,112.3,108.7,110,118.8,89,92.2,113.95,3.2,108.2173408,118.82,123.25,138.31,108.7,134.17,91.8,107.56
2024/04,95,116,92,96,109,79,76,313.207,-0.96,81.93000031,"2,312,960.60",3.518,3.44,3.567,3.974,10.189,"790,418.30","1,367.83","1,378.70","1,241,048.60","1,222,260.10","1,234,805.60","1,224,278.20",0.127,0.051,0.066,0.177,-0.01,95.7,92.8,122.5,"2,692.06",29473,64.7,2.8,0.7,0,112.3,99.7,73.8,109.6,103.6,112.1,115.4,89,94.5,114.01,3.1,108.2503687,119.16,124.47,143.57,113.11,140.71,92.66,105.91
2024/05,91,111,79,84,88,69.6,68.8,313.225,-0.56,76.98999786,"2,327,198.00",3.53,3.434,3.527,3.876,10.054,"796,343.00","1,365.39","1,376.50","1,225,588.30","1,228,881.10","1,221,570.30","1,225,491.10",0.093,0.012,-0.006,-0.04,-0.02,95.7,92.8,122.6,"2,636.52",29363,64.5,2.8,0.4,0,113.3,99.1,72.9,112,105.8,112.2,119.6,88,93.8,114.1,3.2,108.2867151,119.25,124.77,141.77,109.14,137.14,91.35,108.5
2024/06,81,106,84,88,88,65.9,69.6,313.049,-0.34,81.54000092,"2,338,124.20",3.547,3.341,3.337,3.708,9.824,"802,362.10","1,380.13","1,389.20","1,232,864.30","1,266,760.10","1,220,524.70","1,229,771.10",-0.004,0.017,-0.093,-0.19,-0.2,95.8,92.8,123.4,"2,797.82",29343,64.4,2.8,-0.1,-0.1,116.4,99,73.8,112.8,106.8,106.9,115,90,94.7,113.84,3,108.3257207,119.23,124.79,142.64,101.21,126,92.09,108.03
2024/07,79,105,86,84,81,62.7,68.8,313.534,-0.04,77.91000366,"2,352,799.60",3.518,3.209,3.171,3.542,9.614,"808,850.60","1,383.38","1,384.60","1,229,846.60","1,221,201.20","1,216,573.40","1,227,485.40",-0.038,-0.029,-0.132,-0.166,-0.21,95.9,93,124.4,"2,770.69",29279,64.2,2.5,-0.4,-0.4,111.3,98.3,71.1,109.1,100.9,112.8,113.9,91,95.9,114.13,2.9,107.0822905,119.56,125.04,143.28,109.55,135.9,93,109.93
2024/08,79,108,88,92,78,61.3,72.1,314.121,0.2,73.55000305,,3.531,3.073,2.999,3.418,9.4,,"1,354.15","1,335.30",,,,,-0.074,0.013,-0.136,-0.172,0.01,96.1,93.3,,"2,674.31",29276,64.2,2.4,-0.5,-0.6,110.9,98.2,74.3,109.9,103.2,115.2,114,90,94.2,114.54,2.9,107.794,119.41,124.43,138.33,110.75,137.9,91.94,106.68
2024/09,,,,,,,,314.686,0.13,,,3.529,2.939,3.011,3.448,9.335,,"1,334.82","1,319.60",,,,,0.072,-0.002,-0.134,0.012,,,,,,,,,,,,,,,,,,90,93.7,,,,,,,,,,
,,,,,,,,,,74.95999908,,,,,,,,,,,,,,,,,,,,,,,,,,,,,,,,,,,,,,,,,,,,,,